filename,category,synth,type,mood,index,mfcc_0_mean,mfcc_0_std,mfcc_1_mean,mfcc_1_std,mfcc_2_mean,mfcc_2_std,mfcc_3_mean,mfcc_3_std,mfcc_4_mean,mfcc_4_std,mfcc_5_mean,mfcc_5_std,mfcc_6_mean,mfcc_6_std,mfcc_7_mean,mfcc_7_std,mfcc_8_mean,mfcc_8_std,mfcc_9_mean,mfcc_9_std,mfcc_10_mean,mfcc_10_std,mfcc_11_mean,mfcc_11_std,mfcc_12_mean,mfcc_12_std,centroid_mean,centroid_std,centroid_min,centroid_max,contrast_mean,contrast_std,rolloff_mean,rolloff_std,flatness_mean,flatness_std,zcr_mean,zcr_std,rms_mean,rms_std,rms_min,rms_max,bandwidth_mean,bandwidth_std,chroma_mean,chroma_std,tempo
amb_brooktexture_cozy000_.wav,amb,brook,texture,cozy,000,-815.49097,24.053394,183.14557,16.629026,48.233597,10.344819,-14.778304,11.116409,-20.498348,11.027091,-16.21952,10.907544,-10.848733,10.327341,-7.7147865,8.887363,-11.189881,8.369249,-14.953709,8.711212,-17.073729,8.467211,-11.052335,8.378811,-5.228271,8.991519,1639.300173891921,461.0333898470277,793.1989900116401,5089.311053581036,13.346196872521201,3.90417522652927,1519.83579322285,1353.8836969357683,0.0020558108,0.03342474,0.025785233772050716,0.004586523682953802,0.0003976503,0.00017057749,3.4219504e-06,0.0013812785,3525.7415309544385,545.3119216872226,0.39746237,0.30777726,[123.046875]
amb_brooktexture_cozy001_.wav,amb,brook,texture,cozy,001,-789.7059,23.644398,197.09607,18.0177,44.058327,9.94813,-17.499292,11.417598,-21.249155,10.881776,-18.687798,10.480688,-12.162183,10.1458235,-7.4771557,8.819297,-12.297503,8.539769,-14.574049,8.782918,-16.903616,8.699615,-9.756988,8.58328,-4.9612823,9.018203,1397.3846830950529,412.29697968918595,701.562170364584,4652.661976353575,13.279022906550676,4.038996458323907,1342.6082724641676,1138.1251049752834,0.0016927441,0.033272244,0.025959658386163174,0.004553177656196745,0.0005893061,0.0002640047,2.7804144e-06,0.0026206828,3034.952356482527,539.8534551940384,0.39815494,0.31034046,[129.19921875]
amb_brooktexture_mystic002_.wav,amb,brook,texture,mystic,002,-841.4305,23.412136,167.46346,16.899343,53.71674,10.079938,-11.944182,11.1628,-22.506733,11.374494,-15.808009,11.339717,-9.858783,10.540976,-7.8599553,8.759848,-11.622513,8.800506,-15.24849,9.637113,-15.938902,8.8701315,-10.157143,8.660081,-3.4863765,8.949953,2018.9132053330761,554.8104952357769,904.0119999298804,5038.536796886302,13.329016189714523,3.7129217685939016,2205.978134474917,2100.782963327357,0.0025941313,0.033284113,0.026410255305953693,0.005511813216662802,0.00026457303,0.00010978542,3.859142e-06,0.00089576637,4127.728921516031,590.4524540912862,0.39567354,0.3086189,[151.99908088]
amb_brooktexture_mystic003_.wav,amb,brook,texture,mystic,003,-861.7252,21.614517,152.23549,15.852256,54.554317,10.709645,-9.617453,10.354991,-24.861675,10.460774,-17.662289,10.944577,-10.005017,10.469519,-7.174624,9.038848,-10.2312975,8.974987,-14.123879,9.66968,-14.841302,8.903939,-9.9473505,8.809257,-3.131957,9.01521,2514.5497540596084,574.720853240519,920.0577299846796,5269.663519148088,13.474227768675574,3.681001676001696,4169.298199335033,2805.7741495650102,0.0039060165,0.03456537,0.028843047994762956,0.005611458446632583,0.00017390594,7.822199e-05,3.16298e-06,0.0007590926,4735.3734956594935,552.8627216754759,0.40030125,0.3098579,[132.51201923]
amb_brooktexture_tense004_.wav,amb,brook,texture,tense,004,-782.2297,25.645155,198.42455,17.422722,38.767986,9.533237,-15.981326,10.103524,-18.134398,9.869074,-17.24216,10.463815,-11.026256,10.195956,-7.256993,8.314406,-12.287211,8.278337,-14.997495,9.458083,-17.469505,9.084444,-11.074528,8.858145,-6.266012,8.964093,1354.3747938553263,412.4829927337381,775.6312791083009,4781.5311965398,13.530115099806206,4.14013769813857,1358.0874879410144,1174.7721098924378,0.0015926571,0.033215486,0.025074076626240352,0.004418625187871425,0.0006547956,0.00024454476,3.6471029e-06,0.0015459886,2937.8113554574875,537.5101297118952,0.37178767,0.31534252,[126.04801829]
amb_brooktexture_tense005_.wav,amb,brook,texture,tense,005,-812.69476,21.988674,183.4514,16.21675,45.8046,9.773937,-15.197481,10.41002,-19.539782,9.828895,-16.024176,10.326254,-10.89102,10.189939,-7.3077292,8.286972,-11.23616,8.341702,-15.464346,9.492201,-17.596539,8.920978,-12.060208,8.434256,-5.653997,8.747718,1617.4324979068556,391.63630121020293,620.8862523479761,4501.080102874052,13.419725259536063,3.9125825491417245,1480.425520689774,1060.2649807461369,0.0018293079,0.033195462,0.025887519811190737,0.004463458991692304,0.00041105223,0.00018573827,3.8738435e-06,0.0022727097,3488.5683866974127,507.28928276214054,0.3791415,0.31279606,[112.34714674]
amb_firetexture_cozy000_.wav,amb,fire,texture,cozy,000,-565.8683,61.001007,163.85626,49.60291,92.31082,27.98039,43.9317,13.03596,23.02046,9.189581,20.07372,6.4919243,17.49849,6.406545,11.811934,4.827618,7.500862,4.3913465,6.068448,3.923672,5.5428267,4.1393824,4.1028066,3.7963283,2.9333956,3.5176885,381.55593934657725,447.5682110443621,0.0,5088.157550348988,13.037050378453541,3.7503712013333277,344.4725764220027,636.8347691181955,0.05861498,0.23483501,0.003207089790531335,0.0017919850643641855,0.031883553,0.010965609,0.0,0.04572103,1355.4098295348142,1183.910684101078,0.71899265,0.24841881,[139.67483108]
amb_firetexture_cozy001_.wav,amb,fire,texture,cozy,001,-504.79648,58.193928,195.99869,55.71952,87.71728,23.371855,24.626436,10.366235,15.643626,5.912795,18.979784,6.6399455,12.197843,4.6535506,5.902421,4.092319,6.1307397,3.7569447,5.627101,3.6773682,2.678079,3.885799,2.1548972,3.5673752,3.3802328,3.4841146,302.33794538629263,321.13909273915726,0.0,4544.549149255414,13.359420509799854,4.047797719095058,382.63973890923023,451.90945595964064,0.058486126,0.23439837,0.0038583532016348773,0.0018488024572819227,0.049013272,0.0170208,0.0,0.07369523,915.6725359126232,896.7556017071888,0.704419,0.2483729,[132.51201923]
amb_firetexture_mystic002_.wav,amb,fire,texture,mystic,002,-552.17175,61.56426,158.69797,48.126274,93.95921,28.934204,47.45501,13.296234,25.209793,9.977849,20.613297,6.690823,18.483698,6.336307,13.277105,5.038949,8.343072,4.233263,6.8769426,4.16873,6.157163,3.9064987,4.6182623,3.6791036,3.1246614,3.2080667,361.0810453633846,436.07545053162846,0.0,3864.859148985219,13.19833001321013,3.637781467670269,324.05417127895095,558.8616816784865,0.058605723,0.23480242,0.0030587427622615804,0.0017565263548328966,0.04147411,0.014479788,0.0,0.062348474,1291.7975363632352,1205.225249795188,0.72250545,0.24880196,[156.60511364]
amb_firetexture_mystic003_.wav,amb,fire,texture,mystic,003,-553.215,58.34771,167.68692,49.40285,94.14504,27.602978,42.56501,12.594547,22.008717,9.000307,19.819305,6.311928,17.520546,6.145973,11.423222,4.6043105,6.919277,4.0903788,6.175333,3.747978,5.450261,3.9086158,3.576441,3.495832,2.4567082,3.5940897,342.9502249858347,399.193246492743,0.0,4715.933278191385,13.086123181163572,3.862884192988252,318.6562021032016,532.5455616196632,0.05858938,0.23474857,0.0032503299557220706,0.0015545094798119418,0.036457848,0.012760171,0.0,0.055969514,1212.0299007129959,1111.8573989352226,0.7079387,0.25058967,[132.51201923]
amb_firetexture_tense004_.wav,amb,fire,texture,tense,004,-555.4545,58.536995,174.987,51.17508,93.38874,27.170029,39.250076,12.395616,20.520817,8.365416,19.7677,6.474171,16.670345,5.984683,9.907214,4.4338427,6.3770876,3.8631296,5.9501286,3.8889215,5.015154,3.9245305,3.4033217,3.5759988,2.9931648,3.5779586,338.2099674345092,398.93978572305866,0.0,4434.987175815194,13.089699403057088,3.883915385063135,354.8284629385218,620.1105069753398,0.05861359,0.23483542,0.0032855873211852862,0.002238677726730032,0.035962835,0.012530625,0.0,0.051044706,1178.774566647154,1079.805580303466,0.7202549,0.24762909,[143.5546875]
amb_firetexture_tense005_.wav,amb,fire,texture,tense,005,-552.0782,56.787483,187.55566,53.6687,91.46406,25.07491,30.89423,11.040773,17.009563,6.475717,19.578094,6.6516213,14.519241,5.3837814,7.4110503,4.2170234,5.6113286,3.8609626,5.5891986,3.7378576,3.6420302,3.32192,2.254294,3.1944737,2.9925742,3.361189,311.9529623235469,356.5563464028104,0.0,5506.413814817482,13.12234895167927,3.88557535051171,362.2213337661785,546.6569503318694,0.05860239,0.23483814,0.0035450283123297003,0.0017602738368521689,0.03322309,0.011565699,0.0,0.047022864,1038.535221357716,938.0513628068051,0.7093809,0.24978477,[126.04801829]
amb_leavestexture_cozy000_.wav,amb,leaves,texture,cozy,000,-582.3194,178.53848,73.976715,23.445835,-86.03286,25.400846,0.9443412,7.1928787,-4.269646,6.7968183,9.467392,5.247851,-15.414548,6.9295473,0.18137637,3.97747,-5.3686323,5.3168054,3.7964294,3.7200754,-6.1614404,5.034693,0.98273087,3.5001094,-4.331326,4.5356393,3927.6671894322762,1166.9798051720122,0.0,7240.777208406529,13.212059311622419,5.62275497783897,6887.867341834128,2518.5852691724017,0.080088295,0.23017906,0.12055358055177112,0.03236807606257874,0.0018913165,0.0017986987,0.0,0.006673394,3482.7134847292405,1078.1893178880791,0.58986235,0.2500924,[143.5546875]
amb_leavestexture_cozy001_.wav,amb,leaves,texture,cozy,001,-563.513,184.91254,78.531685,25.732151,-85.87532,25.006897,-0.62187356,6.7588944,-5.758259,7.4873805,10.4109335,5.595291,-15.156402,6.868543,-0.37413475,3.9226186,-6.73161,5.5337954,3.964088,3.7128656,-6.340499,4.8888607,0.9723361,3.5200481,-4.5945773,4.6020417,3821.963063550626,1164.2369729975383,0.0,7291.87343237553,13.205334999036323,5.734661112554137,6680.866958659741,2499.9435650683777,0.078130454,0.23066004,0.11646705232459129,0.031830538136036694,0.0020094651,0.0013480976,0.0,0.004310493,3429.4305541244353,1059.4894126866484,0.575342,0.25357723,[123.046875]
amb_leavestexture_mystic002_.wav,amb,leaves,texture,mystic,002,-594.2328,190.27498,65.68524,23.490345,-85.75883,25.623653,5.491449,6.54156,-2.9392614,7.37864,6.5924783,5.8003683,-16.63872,6.8417344,1.5918398,4.2753215,-4.608622,5.44685,3.189072,4.120892,-6.78454,4.9607716,1.5848006,3.507976,-3.4125514,4.445142,4153.883598164185,1272.2762231245013,0.0,7262.921980303485,13.290702301725283,5.664848501129833,7270.653764688352,2730.2159381047577,0.08442601,0.22938417,0.1297537572377384,0.0349344467405015,0.0016727574,0.0013359698,0.0,0.004018944,3554.7722204681554,1124.1137761932375,0.5780146,0.25208876,[120.18531977]
amb_leavestexture_mystic003_.wav,amb,leaves,texture,mystic,003,-535.36395,178.09457,94.07249,28.627201,-82.226906,24.678415,-8.092966,7.9470534,-11.503061,7.9892316,12.766298,5.398026,-11.287269,7.4733415,-0.8693654,3.852643,-9.711302,5.645602,3.0957656,4.0136995,-5.0852284,4.674438,1.9060841,3.5751529,-5.218182,4.475796,3460.6206676219563,1045.5829165823654,0.0,6710.621526409354,13.413212686891173,5.72335138622366,6069.13623446015,2277.3730818576532,0.07253597,0.23176216,0.10049213960320164,0.02810717438008222,0.002938425,0.0025637734,0.0,0.009100013,3325.259591474061,1020.0320690034953,0.5578364,0.2574166,[126.04801829]
amb_leavestexture_tense004_.wav,amb,leaves,texture,tense,004,-580.5881,186.5093,67.03492,19.64317,-87.20996,25.87778,4.442662,7.764715,-3.4881732,5.870906,6.9752784,4.462268,-17.1002,7.985836,0.8608342,4.3917394,-4.8229423,4.6452794,3.2558928,3.6100383,-6.707147,5.554132,1.8354527,3.6180947,-3.441316,4.2720613,4074.7285535123797,1145.602852044722,0.0,7067.645445543499,13.250690306028504,5.746056204214723,7110.621580700783,2448.764059269919,0.08147328,0.22967,0.12792303516689374,0.03390952275047114,0.0017592199,0.0012894056,0.0,0.004891429,3511.4648824780534,1073.6579744797202,0.58832324,0.25025445,[143.5546875]
amb_leavestexture_tense005_.wav,amb,leaves,texture,tense,005,-549.80457,163.1079,130.3194,44.433563,-56.79974,20.312178,-15.418269,9.091585,-27.772522,13.487354,3.2975137,6.2447352,-7.071759,7.637252,4.230649,5.0192676,-7.3072314,4.4879684,0.5399234,4.5308895,-5.8721304,5.5011153,1.1493326,3.6723328,-4.1172314,4.729417,2737.279974094399,1058.2827722774869,0.0,6854.0977406887205,13.424589056952902,5.393848017023711,4894.6378868996935,2481.431206503135,0.06701329,0.23316212,0.06720253427282016,0.020761072206857075,0.003023516,0.0025908619,0.0,0.008890316,3154.9826819147734,1069.3492348352954,0.52231497,0.26504648,[123.046875]
amb_raintexture_cozy000_.wav,amb,rain,texture,cozy,000,-581.6029,43.903206,191.57587,49.953842,103.585,24.975626,31.587797,9.208431,7.5908237,5.283969,13.603923,4.767834,17.651052,5.6530495,10.484643,4.0266705,3.0658429,3.5414307,2.7383664,3.1992435,4.9040003,3.4123414,4.0951104,3.3695214,1.8507873,3.0925987,212.26391868172433,198.13422005352655,0.0,4360.388434645096,13.724603945177062,4.527674634702229,353.03057383544655,440.9845365790029,0.04788602,0.2128777,0.004010151081863285,0.0016923827465484128,0.025095195,0.009765735,0.0,0.043946125,637.7040406851003,421.826526924952,0.7049527,0.24183293,0.0
amb_raintexture_cozy001_.wav,amb,rain,texture,cozy,001,-530.1455,40.97184,181.90477,47.636322,105.91645,25.740986,39.122684,10.252912,11.5281105,5.959243,13.360084,4.681313,18.122936,5.6309752,13.311591,4.369739,5.291752,3.5570962,2.5948844,3.2213664,4.293792,3.3737411,4.8328986,3.4332752,2.90055,3.0876951,175.8252048713755,151.04005373146018,0.0,3682.0542320060545,14.046769168404692,4.491936140686631,298.1648269535557,334.5135285361616,0.04746738,0.21250616,0.003647843164277839,0.0015850733572881507,0.048153974,0.018832438,0.0,0.0857583,491.9274360128435,353.3148957931052,0.70688826,0.24369095,0.0
amb_raintexture_mystic002_.wav,amb,rain,texture,mystic,002,-496.2043,44.237938,194.98192,50.55676,106.77391,25.64681,33.18035,9.444228,7.0746245,5.4053564,12.251453,4.6577573,17.003603,5.692451,10.656059,4.20191,3.2104642,3.5361238,2.58079,3.1898339,4.9262486,3.3521662,4.4864755,3.2934136,2.1698213,3.2858381,182.08230230879238,114.0151928444687,0.0,2785.492988009676,14.21137430648571,4.820795490448826,328.1973539140022,233.29126171437605,0.047430016,0.21250853,0.0035950851019845645,0.001652438389792633,0.06738391,0.02533251,0.0,0.10641696,434.61099990055027,294.7462012984606,0.71042943,0.23968333,0.0
amb_raintexture_mystic003_.wav,amb,rain,texture,mystic,003,-557.2677,43.625465,192.51593,49.934372,105.906395,25.466177,33.514534,9.448354,7.730723,5.518121,12.807777,4.5397277,17.531223,5.572122,11.171575,4.264178,3.5064452,3.607753,2.5596771,3.3139527,4.7818875,3.4793732,4.4574466,3.21383,2.2898173,3.1439705,193.68870205566972,156.46437511772717,0.0,3784.9115829061448,13.961820518950482,4.646409940917329,331.09377153390295,331.32961095592987,0.04754018,0.21251851,0.0037264419101433297,0.001569158421893185,0.035091862,0.013427431,0.0,0.060343627,551.157864967995,360.9608636059179,0.71423405,0.24047928,0.0
amb_raintexture_tense004_.wav,amb,rain,texture,tense,004,-571.602,38.14627,168.85051,44.8866,102.5076,25.286432,41.90563,10.531144,14.013072,6.0833364,13.0543,4.617772,17.13031,5.370265,13.723938,4.463159,6.4685636,3.6163592,3.0099173,3.3367643,3.9744241,3.2111661,4.847128,3.246975,3.4720464,3.0786169,178.36507549304247,138.66271039179009,0.0,2711.55861751188,13.920331723326878,4.1237813326644766,282.0683421478776,255.58070071456117,0.0475366,0.21251751,0.003567629375689085,0.0017195679423317003,0.029604873,0.013422783,0.0,0.0657436,613.185352514529,393.67471528397283,0.7135046,0.24284297,0.0
amb_raintexture_tense005_.wav,amb,rain,texture,tense,005,-579.6426,39.684765,175.5203,46.349915,103.46786,25.407183,39.12103,10.129255,11.262794,5.7721934,11.925031,4.3467145,16.702497,5.364144,13.078799,4.367592,5.9687405,3.5097837,3.144647,3.2857032,4.264399,3.259378,4.559562,3.3741183,2.7488337,3.333091,190.97827115681358,146.511712854854,0.0,2705.378924706977,13.858382083559734,4.315573991577109,303.91017993729326,267.4870594225175,0.047573715,0.21253158,0.0035762429368798236,0.0017119005930697326,0.02599564,0.010854338,0.0,0.060959157,636.8238421614407,407.0062380989545,0.709164,0.24059467,0.0
fx_chimesingle_cozy000_.wav,fx,chime,single,cozy,000,-535.1651,95.83831,-54.47442,20.932453,-91.06309,18.831146,9.055095,16.073713,1.274252,13.202557,21.675177,6.9993725,-21.01846,6.3695154,-2.4521346,4.184909,6.858102,4.029167,13.059886,4.4169602,-13.237091,4.3723626,10.911223,4.737852,-20.322851,4.1989465,6885.727433238273,547.1575964375371,5228.705098561645,8199.939260351119,24.879732865506806,13.95709262144954,12587.813626802885,1294.7153227684903,0.0012356216,0.0036615287,0.32701500031629555,0.058893931781286546,0.045851372,0.036416404,0.0010469354,0.14358407,3904.4533685004562,285.38899678154615,0.26026693,0.30641595,[109.95678191]
fx_chimesingle_cozy001_.wav,fx,chime,single,cozy,001,-594.7046,89.92974,-35.879677,21.13465,-88.489395,26.238823,5.6619368,12.257467,1.5523843,14.712638,26.225895,8.148363,-11.890387,6.0629787,-10.427907,5.92255,1.9947664,5.024124,17.894241,6.2278247,-6.258462,4.214083,6.541303,6.46044,-9.564537,3.560503,5607.9784091043675,976.0453989205408,0.0,7513.685387629365,24.398512395867986,13.146081814444837,9527.142965382543,2224.3400525708153,0.0081575615,0.084427096,0.23438762796336207,0.07502069519899739,0.019534122,0.017674875,0.0,0.07487163,3342.123642431263,469.20553547780054,0.23138377,0.30868542,[123.046875]
fx_chimesingle_cozy002_.wav,fx,chime,single,cozy,002,-534.5563,95.15288,-32.867847,16.358128,-114.47091,18.596325,-5.845551,14.55196,-20.195219,15.028317,28.514132,8.438263,2.4813468,10.221285,-6.333234,4.2902646,-14.100251,5.9267335,12.6966095,4.562884,6.30308,5.002128,-2.2221696,6.3774076,19.389902,4.676032,5420.29152155108,646.7333565248957,0.0,6659.097040129776,24.37353668673728,12.85610711543331,9224.3115234375,1296.1002763028553,0.0062633473,0.06885532,0.2551998077876984,0.05020254329227435,0.03081088,0.02119953,0.0,0.091338955,3145.205797924122,455.1273884846506,0.30063766,0.32292637,[101.33272059]
fx_chimesingle_cozy003_.wav,fx,chime,single,cozy,003,-548.32446,115.326935,-57.037983,31.85905,-84.5088,27.589682,7.276562,15.972784,2.0323849,13.4984045,14.53135,8.958392,-21.28023,8.368232,1.2208215,6.1520658,10.397429,3.8513474,6.3413396,4.3563275,-9.688778,4.8072767,8.3709,6.467056,-15.752141,8.380161,7010.515006450577,1170.6948241754637,0.0,9371.988841999484,22.942248700930318,12.785160187390604,11890.27655733105,2763.7612511845164,0.005152068,0.0614058,0.33684206639886577,0.08251573937656191,0.043702718,0.03945166,0.0,0.16420108,3857.1795418982006,535.618311670361,0.27316347,0.31489366,[95.703125]
fx_chimesingle_cozy004_.wav,fx,chime,single,cozy,004,-588.2535,83.4039,-57.21287,24.247261,-75.106476,19.265781,17.34311,13.985484,9.957185,10.054354,9.968829,6.1757483,-21.41924,5.4992094,7.2168083,4.3172736,12.866655,2.9068425,-1.9302849,3.5781682,-8.596545,4.209719,5.870163,4.182871,-5.9537725,4.427862,7288.496126851963,1095.8754158570828,0.0,8943.210415094585,23.869873510277746,13.203115987379535,12989.420781966743,2860.2592285379737,0.010665249,0.09532166,0.31736399799311926,0.0770901522933403,0.02372412,0.021904118,0.0,0.1079902,4186.173053203936,545.9625089255051,0.24492303,0.29965922,[166.70866935]
fx_chimesingle_mystic005_.wav,fx,chime,single,mystic,005,-549.8085,95.71493,-53.4919,22.947313,-90.58806,20.297308,7.7501245,14.853853,0.4407971,13.604935,20.598991,7.3048124,-19.805302,6.240452,-1.5875723,4.5088124,6.9862165,4.076525,13.20482,5.4076257,-12.383543,5.3971853,10.956778,5.149227,-19.72988,4.53891,6732.820218781854,756.4152403510158,4555.058345089597,8149.098510381739,24.297121474971526,13.162697073300725,11932.40079012784,2024.1322488412006,0.0013464256,0.0039038116,0.30711780894886365,0.06990098650733366,0.0350392,0.030038206,3.1384436e-05,0.13036224,3843.10507342236,382.1476224920188,0.252011,0.3059988,[184.5703125]
fx_chimesingle_mystic006_.wav,fx,chime,single,mystic,006,-562.038,93.17048,-37.776928,19.082365,-107.17553,20.279047,-3.6480699,13.774463,-15.584484,14.994703,29.318914,7.8059025,-5.27043,8.017629,-6.415335,4.4892406,-8.865909,5.318087,17.74173,5.431563,1.3095009,4.386685,3.0632317,6.502323,10.284227,4.5701222,5577.169469756459,867.0632274227372,0.0,6786.770100930224,24.386063787708835,13.045275194467425,9805.763938210228,1634.7608531603266,0.014441976,0.114270985,0.249359130859375,0.06165268744895975,0.024440259,0.016269248,0.0,0.07263253,3285.7117573106016,509.42537975710667,0.26421708,0.31426007,[129.19921875]
fx_chimesingle_mystic007_.wav,fx,chime,single,mystic,007,-631.94806,97.35347,-62.138084,26.913372,-75.79384,22.882868,16.814646,15.63591,6.1896105,10.49287,9.991145,7.7079496,-20.21662,5.567371,7.40317,4.612389,13.93302,3.2154582,-1.4592439,3.728108,-5.828917,3.0457504,6.184171,3.3050606,-5.8726034,4.1538067,7612.93217483374,806.4041249968693,5486.469768377416,9601.991636921455,23.62112215802869,13.082416524040601,13553.734709087172,2512.51397968654,0.0011524633,0.0025637473,0.3502463433975564,0.06441604221660599,0.01849143,0.017559934,0.00028560276,0.07005076,4268.332650407023,351.97606019653904,0.26881906,0.31037837,[120.18531977]
fx_chimesingle_mystic008_.wav,fx,chime,single,mystic,008,-582.2647,96.36932,-47.447132,20.893648,-99.50544,19.389887,3.8572261,15.193706,-5.774754,14.300544,27.93702,8.363497,-13.3772955,7.4780455,-6.7195,4.3385377,-0.27069634,4.498139,19.634577,4.8274465,-8.529351,4.119483,10.130918,6.5073104,-11.406724,3.6501992,6202.872527357788,640.6817211746456,4512.498855110036,7959.605800150223,24.44938883223971,13.389794664429733,10883.992250504032,1698.0361662689545,0.0020245034,0.021195218,0.280543454781106,0.059583611830801256,0.023580432,0.017879285,7.5665506e-05,0.07654629,3563.83418059285,324.0752797189269,0.26692384,0.30802307,[126.04801829]
fx_chimesingle_mystic009_.wav,fx,chime,single,mystic,009,-520.6216,96.51892,-29.982885,18.898474,-111.53099,16.54477,-6.0839744,13.158675,-17.188072,16.849243,27.953331,8.078809,2.1873403,10.037386,-7.340635,4.199,-13.270871,5.3133307,11.377317,4.7735615,4.929054,4.785986,-1.2508335,5.387104,18.434381,4.6246667,5195.287263788173,662.9403869812616,3729.5768803013816,6530.582046617035,24.602821709638242,12.697569315998313,8778.094394811604,1547.0222593790575,0.0011003703,0.0029376522,0.22849537729266348,0.0575242255604227,0.03949807,0.032007318,0.0007010327,0.1408339,3066.3501620686943,388.76981505194533,0.27309677,0.31725845,[99.38401442]
fx_chimesingle_tense010_.wav,fx,chime,single,tense,010,-577.5275,94.32631,-53.90251,23.978842,-82.42815,20.365166,12.238751,14.8961315,4.8537073,11.805931,16.84372,6.9053845,-21.263052,6.0227127,1.7884365,4.8721147,11.316789,3.7819736,6.372718,3.8941865,-11.131586,4.770286,8.038838,5.0496154,-16.66247,5.6238823,7032.075307894512,761.632000981952,4886.498745024,8562.961698097595,23.731176531759044,13.310398621866442,12623.924010281737,2111.812227985513,0.0012311166,0.0030704231,0.3227024638385147,0.07102005796183526,0.029054107,0.028114438,0.0005495378,0.10683451,3968.374209639228,336.26826591125723,0.271108,0.31208023,[172.265625]
fx_chimesingle_tense011_.wav,fx,chime,single,tense,011,-560.8384,90.90469,-57.654312,22.576775,-82.28962,20.93031,13.601901,15.5189905,4.485829,10.854649,17.473753,6.498458,-22.78542,5.766827,1.9283317,4.119178,11.862358,3.8548546,5.2509756,4.2788763,-10.985386,4.9842477,8.139683,4.850671,-16.56267,4.5136476,7239.117448747099,1007.3426212337566,0.0,8497.341049883224,23.85245444782241,13.475167080860322,12526.190785892673,2604.6176667849472,0.015717795,0.118838556,0.34945328509221313,0.060925338782128066,0.03498096,0.029996466,0.0,0.14678529,3901.7011557852866,571.5596649222597,0.27472258,0.31435937,[117.45383523]
fx_chimesingle_tense012_.wav,fx,chime,single,tense,012,-582.48816,96.7733,-67.93382,23.49711,-83.16743,20.008253,13.571462,17.395554,4.803909,11.037175,11.396938,6.9491596,-23.261969,5.461503,7.892536,4.8025146,13.420198,3.3305886,-0.33424655,3.947334,-8.229932,4.1809096,7.9130664,3.453877,-8.143161,3.4586284,7736.692973082968,809.5007915481713,0.0,10688.487288732134,23.836909522159434,13.47283977219575,13799.52446912092,2279.492761562615,0.0027701145,0.038561698,0.3586273646142433,0.06413141650547478,0.027500402,0.020307628,0.0,0.09093143,4275.737350278194,423.9486737303962,0.26599616,0.31073597,[92.28515625]
fx_chimesingle_tense013_.wav,fx,chime,single,tense,013,-558.9595,93.97047,-60.816902,23.21123,-85.30517,19.628504,12.154591,16.406889,4.8817024,13.0593,15.538738,6.721305,-23.291813,5.136075,3.4103265,4.080278,11.331118,3.7324662,6.1057935,3.6495326,-11.296445,4.372979,8.959386,4.194177,-15.890914,4.833626,7210.649725109288,637.2028255122524,4864.896350657114,8623.13524664547,23.831372674537228,13.51102598879632,12796.008351856695,2108.064207471567,0.001193044,0.0027539728,0.32971787286436544,0.054776137416297666,0.033462293,0.024370577,0.00091369293,0.09920346,4047.0565794019835,345.53939121822833,0.2637076,0.30964598,[151.99908088]
fx_chimesingle_tense014_.wav,fx,chime,single,tense,014,-501.2594,94.81135,-27.036177,16.248896,-102.90714,21.884325,-4.583554,12.924008,-11.389198,17.901638,26.963964,6.7118626,3.1008892,8.932996,-8.412174,5.5479326,-14.7143545,4.44029,8.962663,5.1558046,7.293858,5.145823,-4.1013293,6.094708,19.6446,5.53426,5307.809371096476,533.0143734382207,4011.1772643817553,6637.613851058553,24.84902851248,13.04603010360818,9295.857391090192,1009.5376352211707,0.0012102813,0.0031015752,0.24622971623248688,0.04745257935150073,0.046078905,0.0362035,0.0014120452,0.15283488,3117.866469527018,381.771013493639,0.28309825,0.31629217,[109.95678191]
fx_sparklesingle_cozy000_.wav,fx,sparkle,single,cozy,000,-648.80963,92.58985,14.000914,12.962166,-116.51393,46.50071,-23.101795,10.122719,-20.385302,15.333262,14.301985,7.3218837,7.0397525,9.330616,-8.111631,5.283971,-0.5218603,5.740055,-0.8678777,3.9654183,-2.3944454,3.986878,21.28985,9.672827,2.9699306,3.7445118,3088.140949050404,1234.3216539102127,0.0,5104.837060825666,23.484415884637638,9.918888788050687,5120.910448696524,2030.502867474082,0.12864538,0.33435926,0.12172042112299465,0.057307014650362614,0.008226343,0.0060510687,0.0,0.028941046,2039.4072603298744,832.9625827678883,0.1714879,0.2906015,[83.35433468]
fx_sparklesingle_cozy001_.wav,fx,sparkle,single,cozy,001,-608.89404,99.74226,-18.081213,11.601318,-120.603065,48.730896,-4.1626244,6.3884363,-17.32849,9.956346,17.672178,8.347258,-16.003447,8.206505,-6.3879223,4.2616673,0.13424107,4.886094,5.9254465,3.953029,12.763552,6.288936,2.9886417,3.8831558,-11.270582,5.831041,3835.898114705546,1590.502782848463,0.0,5926.141046532709,24.04936730400368,10.417184231801832,6304.769620028409,2570.448305048112,0.13849609,0.34477752,0.15303918087121213,0.07779237236699403,0.012050478,0.007279087,0.0,0.02895232,2277.1029749452446,944.9324879482592,0.17278539,0.2897102,[172.265625]
fx_sparklesingle_cozy002_.wav,fx,sparkle,single,cozy,002,-504.3847,79.81341,-4.6122446,8.302968,-134.7097,38.24574,-15.4958105,6.893565,-30.779198,10.138927,8.411261,4.8174067,2.1512218,5.038808,-6.7847514,4.182872,-16.646122,6.2396193,8.575591,4.1331472,1.2295212,3.9755428,10.348561,4.8572702,4.638611,4.0688596,3813.4481944956183,1116.1491703734466,0.0,5182.7028271116915,22.90308898508624,9.196143290611104,5197.116964036962,1505.0228368131595,0.07338812,0.25966412,0.16603086111627044,0.05856664020346146,0.0238096,0.012239644,0.0,0.06237488,2319.150877201456,739.8231537169563,0.22316095,0.31910366,[107.66601562]
fx_sparklesingle_cozy003_.wav,fx,sparkle,single,cozy,003,-549.2957,80.37729,-54.644436,18.615038,-114.648094,34.271324,14.200252,8.230085,-11.941584,7.318128,5.533801,4.9067564,-27.545256,8.9495325,17.174404,6.3727455,-0.89069194,3.6876037,11.45181,5.3362694,-5.9919477,4.1615005,1.3507675,3.8854785,15.824433,5.8421297,5570.404220441865,1586.0928235501472,0.0,7806.153136416246,23.819306624750375,11.494816803371581,9276.184654524395,2614.3838847809316,0.06864995,0.25173908,0.23395541792738275,0.08788050814639102,0.024588147,0.011155357,0.0,0.04850679,2933.3066490303017,834.6464381778119,0.18095453,0.29138345,[107.66601562]
fx_sparklesingle_cozy004_.wav,fx,sparkle,single,cozy,004,-574.2574,85.76333,-44.71895,18.723528,-118.88697,36.97345,11.2344055,8.1279335,-15.255617,8.159328,11.153615,5.9808793,-28.211517,9.913908,10.1564245,5.4858437,4.613657,5.1569963,7.4357576,4.943216,0.15857647,3.979374,-4.826588,4.4148235,13.214802,6.7031913,5270.439721410962,1672.2721245421408,0.0,7343.842039194479,23.87539747631974,11.254959910738455,8390.813956176036,2591.5351516506876,0.08632806,0.27990866,0.23438439002403846,0.09004391051974238,0.01668666,0.009162254,0.0,0.049519166,2735.225240042191,867.6812209250087,0.19915447,0.30106604,[117.45383523]
fx_sparklesingle_mystic005_.wav,fx,sparkle,single,mystic,005,-645.0885,93.00853,-27.156744,16.81438,-110.774086,43.331688,11.485019,8.458894,-7.776701,12.097415,14.244481,6.8063254,-17.681429,10.516568,-2.0419815,5.1982555,12.182083,7.094151,5.172607,4.706643,4.4545965,4.7015266,-2.0094063,4.700309,-0.6380841,4.0078044,4465.493336873347,1647.6151423881197,0.0,6602.086830389206,23.977802055133637,11.083939575818562,7045.162665670478,2538.810738725606,0.11090126,0.3129011,0.1800204651767152,0.08059850691617294,0.008487975,0.0068770135,0.0,0.032699287,2425.1391076661457,895.2948897268274,0.17997795,0.29439414,[156.60511364]
fx_sparklesingle_mystic006_.wav,fx,sparkle,single,mystic,006,-584.0603,80.72125,-49.10552,20.113146,-107.834,36.98956,18.575996,10.156078,-6.2498336,6.017174,2.894086,4.430952,-22.562332,8.987927,19.087791,7.433599,-1.0570213,3.6915376,12.739531,5.8737473,-10.304374,5.373972,7.131302,4.813279,12.823426,5.633943,5246.662115857852,1814.6172239840776,0.0,8190.941951830311,23.807434184009104,11.240534460938008,8971.59551140721,3333.471277409738,0.09972707,0.29784945,0.2160709435710634,0.09009845416687477,0.01832651,0.010744436,0.0,0.056411915,2811.6605294096607,979.566636710579,0.17959847,0.29734212,[135.99917763]
fx_sparklesingle_mystic007_.wav,fx,sparkle,single,mystic,007,-605.90155,90.826164,-58.623955,28.76427,-87.94193,39.095005,26.482294,13.612551,-12.013297,7.2308917,1.5696183,4.847083,-14.144948,7.7415347,20.350212,10.058778,-3.8234613,4.402112,6.439142,4.4900846,-8.046484,4.7803173,15.9535475,8.649019,-2.8774009,4.3729014,5904.487367344569,2633.4319612776058,0.0,8743.931919236784,22.866982916262973,11.805325986101748,9143.139932321948,4267.186966707989,0.16327722,0.36896876,0.2737090827882752,0.12596029745719844,0.021406934,0.016264874,0.0,0.070635304,2599.37133658966,1191.4673841664385,0.16158567,0.28552565,[90.66611842]
fx_sparklesingle_mystic008_.wav,fx,sparkle,single,mystic,008,-484.90292,85.88045,-34.173378,13.817352,-124.37987,38.812584,1.6584108,7.0223427,-17.13696,9.900849,16.040161,6.332426,-23.037039,8.705698,-3.5467315,4.579722,3.4247127,4.9284577,9.230453,4.7015967,6.288467,4.1768746,-6.9373407,5.4458356,-1.8473902,3.4886224,4689.347946709667,1428.7095859870742,0.0,6838.24139824368,24.57574244484491,11.388553393475947,7368.7330979567305,2198.69001732803,0.0811419,0.27204072,0.19829405620421245,0.07057936035742611,0.038991075,0.019761074,0.0,0.0900619,2571.5637373815302,811.0464178480139,0.19179873,0.29898897,[126.04801829]
fx_sparklesingle_mystic009_.wav,fx,sparkle,single,mystic,009,-528.3381,88.44229,-51.918594,23.494368,-104.15317,39.734444,16.094965,9.408051,-9.027999,6.826545,1.3895034,4.5309606,-23.160103,9.790946,19.008326,8.130871,-2.8058157,3.814261,13.049306,6.3301806,-12.015445,6.9629393,8.055202,5.2928243,10.78648,5.5945373,5327.270056370768,2060.989708798994,0.0,7334.850743815377,24.35651776760237,11.553211452591814,9357.643991422745,3620.2446623815313,0.12515242,0.33030128,0.2123629813459693,0.09665418712132831,0.036718868,0.022099096,0.0,0.09031102,2859.886874139847,1106.4013219844123,0.15572423,0.28013486,[97.50884434]
fx_sparklesingle_tense010_.wav,fx,sparkle,single,tense,010,-514.8342,86.59436,-35.65049,15.916835,-119.738235,41.85512,10.154515,7.8292637,-16.21743,9.187386,13.127974,6.024361,-20.166092,8.491125,-3.704973,3.9779356,9.350398,5.8364453,7.5452247,4.442772,0.5865503,3.7787902,1.2743379,4.3288884,-3.037319,3.511505,4558.134871833392,1560.576974131606,0.0,6651.6295233549645,24.66940210041497,11.429761037805507,6919.321808101624,2330.2147487488032,0.101016685,0.3003437,0.1966783418430118,0.07842476507705436,0.031782508,0.017433688,0.0,0.09325372,2360.6802849630217,839.0650037091383,0.19525005,0.30337217,[93.96306818]
fx_sparklesingle_tense011_.wav,fx,sparkle,single,tense,011,-572.67126,83.4825,-53.2763,25.409952,-100.416985,36.228077,26.461716,11.658011,-11.015263,9.180623,3.7760963,4.7692204,-20.542007,10.280344,21.766289,9.185818,1.7601962,5.8452606,-0.09026198,5.0991344,-2.3674524,3.4693937,6.472776,4.586073,8.84704,4.545406,5434.794067190922,1996.396854186942,0.0,7318.9974497345,23.374390515547326,12.490835042993076,8606.664683948864,3312.4805278352783,0.11127926,0.31389365,0.23530095880681817,0.10382581995208888,0.028005878,0.019090947,0.0,0.08273632,2638.1412536325074,975.9327350967781,0.16666485,0.28791428,[123.046875]
fx_sparklesingle_tense012_.wav,fx,sparkle,single,tense,012,-488.41312,92.59193,-35.811657,15.487497,-126.67027,40.21616,-5.226688,6.474916,-18.743547,7.9024887,13.322275,6.243445,-27.910513,9.697535,1.688422,3.3334148,-5.5893974,4.403044,11.297529,4.9224386,9.193383,4.4098516,-13.377866,5.5875344,3.4198387,3.44183,4733.293485488188,1519.6837624768577,0.0,6905.999644126936,23.81313073749584,10.75385909063474,7916.319232280028,2463.9406985207297,0.08846858,0.2823676,0.2090316573556797,0.08650540117762998,0.031582106,0.015669392,0.0,0.07662763,2801.0432275780645,902.9347827895007,0.19744034,0.31018955,[114.84375]
fx_sparklesingle_tense013_.wav,fx,sparkle,single,tense,013,-544.1912,70.95518,-56.40247,18.985212,-108.49964,31.745724,19.861687,8.934048,-10.934439,6.0037384,7.016002,4.7782655,-26.528252,8.625278,19.294558,6.6590323,3.9934962,4.6065907,6.9474044,4.757216,-9.075422,4.5670156,6.505331,3.869422,13.816828,5.1773715,5475.088597243953,1662.1356543745374,0.0,8565.679425905495,24.352733049757695,11.840255147560484,9241.54026761968,2794.3538263526866,0.07650421,0.2648596,0.20666169975303952,0.08890404496516202,0.029872827,0.013682751,0.0,0.067110956,2913.4332286803956,874.8461885662382,0.1511953,0.2844778,[93.96306818]
fx_sparklesingle_tense014_.wav,fx,sparkle,single,tense,014,-536.6812,89.3892,-33.999767,13.490432,-129.44856,38.03128,1.7003042,7.696688,-22.404089,10.693829,14.672781,6.5574718,-21.377478,7.589446,-8.980032,4.469476,3.7101078,5.0071945,9.112136,4.26768,2.12363,3.762706,3.4507918,3.9050105,-6.7886376,4.019768,4770.979296366842,1311.1868809490575,0.0,7418.712338184396,24.24230235109583,11.259921548055388,7049.199761284723,1882.2790231045312,0.06743344,0.24896348,0.22387393904320987,0.07482046563455318,0.02110469,0.009510508,0.0,0.04619034,2558.2300684784623,734.8677936791917,0.22882181,0.3144898,[107.66601562]
mus_flutesingle_cozy000_.wav,mus,flute,single,cozy,000,-506.82336,56.92129,45.462456,49.577183,27.176197,27.812202,20.307209,20.643261,14.222314,14.80142,3.125689,4.2226696,-5.945229,6.1499686,-11.457056,11.853623,-16.177591,16.647377,-18.869287,19.427502,-19.06854,19.951332,-17.94283,18.796028,-15.50874,16.20143,244.2479058076167,363.04447334447457,0.0,3942.0334944554993,16.843190334444493,8.804947072380473,271.6589976165254,757.0779145887808,0.49444985,0.49987245,0.008855270127118644,0.008825977397621768,0.1512518,0.15018862,0.0,0.3164419,283.99436898783443,535.6269305084244,0.07999725,0.22767335,[120.18531977]
mus_flutesingle_cozy001_.wav,mus,flute,single,cozy,001,-492.6972,51.288506,44.025192,47.737717,28.247595,28.678047,18.07454,18.500702,8.655978,9.21808,-2.588536,3.476316,-11.401586,11.488254,-16.645807,17.14387,-19.870237,20.564768,-20.55856,21.314306,-18.672565,19.506731,-15.127895,15.769758,-10.2655735,10.75682,269.53350960943663,383.2513992480439,0.0,4128.384330178076,15.928452812314893,7.168053962536941,294.40876588983053,777.5976759557655,0.49445915,0.49986377,0.009933902718926553,0.009907627075547274,0.13439356,0.13578983,0.0,0.34078968,294.8096933971681,541.2063426639068,0.08108233,0.2318258,[29.87265173]
mus_flutesingle_cozy002_.wav,mus,flute,single,cozy,002,-492.4872,51.52101,43.941223,47.5904,27.95084,28.348738,18.235529,18.611145,8.906954,9.525665,-2.673839,3.5384686,-11.523357,11.580861,-16.652294,17.183382,-19.877993,20.580482,-20.52792,21.281557,-18.593748,19.441757,-15.1303005,15.761044,-10.351569,10.815801,270.3598105829646,383.6254644684293,0.0,4126.225241432685,15.975704927839972,7.201353510525024,294.40876588983053,777.5976759557655,0.49445906,0.49986386,0.009932523393361582,0.009906256767005685,0.13439329,0.13578956,0.0,0.34078547,297.78751566436785,543.1685145100213,0.081082925,0.23182666,[30.04632994]
mus_flutesingle_cozy003_.wav,mus,flute,single,cozy,003,-508.60416,54.677258,45.361595,49.568558,29.16926,29.54088,20.48343,20.930359,13.330459,13.715133,3.018325,4.034395,-5.9635177,6.2737093,-11.444188,11.804691,-15.819846,16.433584,-18.79759,19.385952,-19.28332,20.06979,-18.054598,18.873795,-15.580279,16.236202,239.53223539024106,360.69292863412016,0.0,3950.4707762117205,16.83186869512822,8.77970150237894,271.78065413135596,758.9247378674847,0.49445045,0.49987188,0.008856649452683616,0.0088273785425263,0.15124951,0.1501866,0.0,0.31640983,260.6067363033222,522.7043020268039,0.079997346,0.22767274,[29.87265173]
mus_flutesingle_cozy004_.wav,mus,flute,single,cozy,004,-490.95453,54.092754,43.90308,47.241108,27.292723,28.017965,23.026173,23.26974,19.601046,19.92236,10.10192,10.544536,1.4752854,3.4716835,-4.1558504,4.446409,-9.335548,9.613501,-13.287558,13.708803,-15.634669,16.32001,-16.989632,17.658016,-17.012413,17.720657,212.6009347946286,313.9665125936783,0.0,3408.3217163380646,15.162209968634963,6.017279450363565,227.31519796080508,627.8572893702393,0.49441066,0.49990988,0.007448358050847458,0.007425456690906258,0.15147877,0.15185311,0.0,0.36319646,295.97053694593814,521.9566771876391,0.096138015,0.24687418,[29.87265173]
mus_flutesingle_cozy005_.wav,mus,flute,single,cozy,005,-497.44394,47.78182,41.726635,46.155857,25.562681,26.7391,24.592329,24.646961,23.88307,24.117908,15.701858,16.05699,9.175635,9.799866,5.0786967,5.409759,0.15526384,2.31775,-4.085952,4.387029,-7.316606,7.742188,-10.217525,10.625903,-12.360624,12.899816,160.16500329770975,163.84124527041297,0.0,623.5314270323912,14.950731569503679,5.112146215730098,143.5546875,143.54252133297953,0.49435103,0.49996814,0.00591454802259887,0.00589441316805935,0.17260455,0.17186014,0.0,0.38175455,267.7490274442847,322.4125707358304,0.110882975,0.25256655,[30.04632994]
mus_flutesingle_mystic006_.wav,mus,flute,single,mystic,006,-494.98746,48.78783,41.338295,45.57378,28.483505,28.85044,21.562845,21.913742,15.883712,16.141256,7.306117,7.634375,-0.76655793,3.0538065,-6.0764937,6.391782,-10.519143,11.138663,-14.409965,14.983816,-16.521442,17.208323,-16.92081,17.796638,-16.291668,17.105682,216.01561143971563,312.3148414090893,0.0,3468.605246102425,15.909534312332898,7.182031458144728,235.52701271186442,612.9233183714666,0.49441367,0.49990702,0.007888362906073447,0.00786630046910109,0.1403877,0.14258835,0.0,0.35484266,271.52418813825915,501.62195417602175,0.08872058,0.23611064,[29.87265173]
mus_flutesingle_mystic007_.wav,mus,flute,single,mystic,007,-493.02808,50.877937,43.983875,47.702156,28.614704,29.064013,18.166258,18.596428,8.503362,9.02276,-2.6773424,3.530258,-11.425997,11.505675,-16.55746,17.108082,-19.737652,20.525507,-20.628826,21.35647,-18.833998,19.57643,-15.107149,15.761426,-10.155439,10.666974,267.9069462413689,382.08433728068263,0.0,4126.738575616396,15.986300904303615,7.170518548697713,294.40876588983053,777.5976759557655,0.49445906,0.49986383,0.009932523393361582,0.009906256767005685,0.13439305,0.13578935,0.0,0.34078625,286.26999660543777,535.6517430416962,0.0810828,0.2318265,[30.04632994]
mus_flutesingle_mystic008_.wav,mus,flute,single,mystic,008,-502.7771,49.866913,44.053635,48.74294,28.005848,28.309362,16.14956,16.620232,6.0886073,6.489972,-4.858711,5.253189,-13.525444,13.639854,-18.042547,18.613638,-20.070164,20.97054,-19.838446,20.670002,-16.920567,17.726315,-12.242067,12.911528,-6.7069182,7.236025,271.87804445889026,332.85072460100645,0.0,3096.1613690722847,15.783338408904566,7.025620678519258,287.4135162870763,543.2785391979137,0.4943936,0.49992645,0.010525633386299435,0.010493775551775289,0.113649964,0.11428858,0.0,0.31476063,274.721762951415,480.83437119959893,0.07751118,0.22623535,[30.22203947]
mus_flutesingle_mystic009_.wav,mus,flute,single,mystic,009,-491.617,53.11215,41.814777,46.06746,24.963509,25.875107,20.84812,21.12513,17.132439,17.626577,7.455066,7.9352584,-0.68072146,2.443645,-5.9447064,6.384607,-10.921791,11.38423,-14.429019,15.002767,-16.236378,17.09078,-16.97662,17.778322,-16.341488,17.141798,226.29417356950748,319.76151119680065,0.0,3475.1910944624715,15.95750992601837,7.219388264546118,235.77032574152543,614.7354494738978,0.49441415,0.49990657,0.007886983580508475,0.007864900824941715,0.14038812,0.14258868,0.0,0.3548349,313.8637546361727,530.903062294915,0.08872041,0.23610924,[29.87265173]
mus_flutesingle_mystic010_.wav,mus,flute,single,mystic,010,-497.1169,48.516064,41.340794,45.582523,25.344769,26.58151,25.369099,25.312214,23.632013,23.826218,15.174063,15.763211,9.636147,10.0886545,5.1535487,5.5451064,-0.16936463,2.0673223,-3.9968963,4.284394,-7.21879,7.6865096,-10.210529,10.690113,-12.302318,12.910194,165.37501333872456,171.44984560090256,0.0,742.4746142550708,14.950618018010097,5.25438423428994,143.798000529661,144.19176437357646,0.49435127,0.49996787,0.00591454802259887,0.00589441316805935,0.17260545,0.17186117,0.0,0.3817378,295.57167874580466,365.51786875035697,0.11088446,0.2525699,[30.04632994]
mus_flutesingle_mystic011_.wav,mus,flute,single,mystic,011,-497.14624,51.56577,43.312252,45.860535,30.373503,30.75918,26.515354,26.599928,21.803625,22.002457,12.8348875,13.461039,5.559978,6.713499,0.29212046,1.7062914,-4.9485683,5.226376,-9.093446,9.36418,-12.048636,12.609303,-14.202775,14.79581,-15.248035,15.869636,196.98898384123254,337.31752592184574,0.0,4001.713427025746,13.9446199600972,5.11450659385407,222.93556342690678,746.68221162595,0.4944558,0.49986693,0.006630417990819209,0.006615040204422074,0.1587607,0.15787707,0.0,0.3597969,298.32510367657875,545.6133643576522,0.1052497,0.2535998,[29.87265173]
mus_flutesingle_tense012_.wav,mus,flute,single,tense,012,-507.57703,56.003017,45.43806,49.592667,27.997353,28.51612,20.329407,20.726645,13.927382,14.434405,3.1992931,4.261396,-6.0496807,6.3319483,-11.676097,11.97654,-16.060217,16.574928,-18.619717,19.28836,-18.999882,19.929256,-18.088392,18.861786,-15.632956,16.260948,242.05408793293833,361.9291136853684,0.0,3945.8187417276367,16.84759616120903,8.792856978353832,271.78065413135596,758.3014324742293,0.49445015,0.49987218,0.008856649452683616,0.0088273785425263,0.15125097,0.15018795,0.0,0.31642377,272.8898668785838,529.3503347251657,0.0799973,0.2276731,[29.87265173]
mus_flutesingle_tense013_.wav,mus,flute,single,tense,013,-503.30942,61.433113,45.496628,49.470745,23.620989,25.385084,20.40592,20.604961,15.188117,15.973636,2.82387,4.453148,-5.6259956,5.9237385,-11.33906,11.83122,-16.238613,16.638544,-18.575903,19.29302,-19.415798,20.152218,-18.320509,19.02997,-15.252054,16.101805,254.56064447486406,369.2018864681034,0.0,3931.2274236377493,16.905117018654863,8.89633065049472,271.4156845868644,754.5814741473429,0.494449,0.49987322,0.008851132150423728,0.008821771333677376,0.15125543,0.15019196,0.0,0.3164733,328.75575800533034,564.9418710723737,0.07999728,0.22767416,[29.87265173]
mus_flutesingle_tense014_.wav,mus,flute,single,tense,014,-499.7391,44.56897,41.287884,45.665092,27.873203,28.245956,25.29309,25.311762,23.220676,23.350636,15.526302,15.878846,9.104683,9.976169,4.9273777,5.3068366,0.15502779,1.9228756,-4.063786,4.4031034,-7.3019814,7.7242045,-10.263466,10.690371,-12.335662,12.916896,155.82081183269156,158.8119152856273,0.0,672.1833782032331,14.904521420952069,5.121037940766025,143.6763440148305,143.88576816730412,0.4943511,0.49996805,0.00591454802259887,0.00589441316805935,0.17260493,0.17186056,0.0,0.3817464,251.85005132816812,306.0703854251995,0.11088344,0.25256798,[29.87265173]
mus_flutesingle_tense015_.wav,mus,flute,single,tense,015,-466.49072,43.781494,42.536167,44.63218,32.083576,32.048283,26.591007,26.609724,20.71667,20.739288,11.936588,12.248184,3.926537,4.9270425,-2.2397377,2.5641577,-7.657047,7.861398,-11.87928,12.216551,-14.8116,15.322817,-16.678509,17.181765,-17.1257,17.653585,187.07652000876075,229.7401923524576,0.0,2188.6178229654206,14.464646239192806,5.4708851948624035,182.18063095868644,291.17871800919744,0.49436417,0.49995524,0.007026284427966102,0.007005665017652342,0.22283594,0.22293468,0.0,0.47670826,249.82722894420084,429.33551566227857,0.11005082,0.27139595,[30.04632994]
mus_flutesingle_tense016_.wav,mus,flute,single,tense,016,-467.3629,42.784008,42.595703,44.723225,33.112034,33.006706,26.380987,26.49517,20.223278,20.233103,12.20404,12.344039,3.9769967,5.1000843,-2.3992207,2.824564,-7.5494447,7.779194,-11.924845,12.2622,-14.924748,15.392654,-16.54333,17.129625,-17.115871,17.627066,182.33910995033315,230.3964628121677,0.0,2285.522110111774,14.398910668966883,5.339931751112206,184.73541777012713,315.36574754485827,0.49436605,0.4999533,0.00702490510240113,0.007004308250803007,0.22283256,0.22293134,0.0,0.47668973,216.00453855027013,412.18876528693505,0.110050604,0.27139467,[120.18531977]
mus_flutesingle_tense017_.wav,mus,flute,single,tense,017,-497.85095,50.609993,43.620586,46.390427,31.113844,31.329952,25.800713,26.071981,21.510519,21.682396,13.4786215,13.791428,5.579205,6.7761316,0.09250349,1.6305858,-4.8888803,5.1224637,-9.200986,9.427811,-11.998034,12.545679,-14.049471,14.746324,-15.442163,15.993195,190.7758327140782,332.5101145675819,0.0,3980.942137925168,13.893617617123118,4.937528910350494,222.14479608050848,741.395383281576,0.49445394,0.49986863,0.006631797316384181,0.006616457241462777,0.15875706,0.15787458,0.0,0.35970056,261.52997418062137,522.6541122914847,0.1052532,0.25360617,[30.04632994]
mus_harpsingle_cozy000_.wav,mus,harp,single,cozy,000,-861.00446,35.591076,30.29031,36.829426,17.910799,17.99733,10.770592,10.389969,9.424492,9.224812,8.225981,8.203674,4.8800087,4.439095,1.8397201,2.8830023,1.457811,2.3551235,2.3404462,2.6467564,1.851814,2.2937613,0.36722973,2.6528401,0.20826374,3.0218806,625.3399624345359,919.5555106354273,0.0,5527.792510176724,18.259813193534047,9.8313132268426,830.2160948620997,2287.539243162981,0.23131868,0.42100385,5.212967081850534e-06,7.11590692749224e-05,0.002254621,0.0034600198,0.0,0.013756867,1903.1908795318577,1658.1420981325725,0.61561185,0.3908178,0.0
mus_harpsingle_cozy001_.wav,mus,harp,single,cozy,001,-822.67206,42.260532,30.06991,41.605324,16.036737,17.178698,8.478107,7.8219304,7.2607837,5.67543,6.767646,5.2142715,5.8924384,4.741102,5.6815434,4.1341867,5.658101,4.038252,5.283791,3.9175777,4.9930162,3.8867116,4.3906965,3.5572836,2.6773603,3.9392061,278.61928950999607,416.64054156863546,0.0,3566.870662731062,17.919227775771006,10.828979603327127,194.71839551823842,840.7949332475854,0.20823523,0.405985,5.212967081850534e-06,7.11590692749224e-05,0.0031544024,0.0049500456,0.0,0.020600567,1253.9233284671575,1162.2131797673105,0.6690479,0.38575727,0.0
mus_harpsingle_cozy002_.wav,mus,harp,single,cozy,002,-927.5553,53.721207,35.431816,47.184925,10.322317,14.097651,2.7010288,5.6362967,3.719642,4.926696,2.4850085,3.6145065,1.7184132,3.6995327,2.8654299,4.2209787,2.0842438,3.3333168,-2.065182,4.8064413,-4.2722445,7.5571427,-2.771817,4.5351133,-1.5796658,3.6795378,1218.2025569938241,1495.244494027847,0.0,6221.416755122913,16.763894969308566,7.09414195530826,2669.0826741826068,3867.8982700395204,0.45795178,0.49608138,0.0013614532362099644,0.004362937270603154,0.00037584564,0.00080701907,0.0,0.004780124,2325.277893799333,2407.9654719407545,0.184718,0.29845676,[56.79086538]
mus_harpsingle_cozy003_.wav,mus,harp,single,cozy,003,-954.17084,57.02163,34.706562,44.537407,9.206364,11.607477,3.845748,6.267312,7.493032,8.141869,7.9876957,8.5349655,5.23908,5.5305986,3.2027411,4.276362,2.6506293,3.5906544,1.8585942,3.4132426,1.0652395,4.361397,1.2364948,4.517447,2.510271,3.334392,397.98759580129087,644.4333183840671,0.0,5258.944430997634,17.458900008697015,10.718225474099,386.9846113211744,1440.4168524769752,0.37735295,0.4845954,5.212967081850534e-06,7.11590692749224e-05,0.00068425894,0.0011111898,0.0,0.0047358475,1327.7285974205747,1540.206050307631,0.50961095,0.43335846,[123.046875]
mus_harpsingle_cozy004_.wav,mus,harp,single,cozy,004,-975.569,80.60898,36.03773,47.69535,1.1537738,10.057684,-4.488329,9.66395,-4.2846084,7.7829895,-1.2746704,4.019484,1.5759549,3.532699,2.383651,3.9503381,0.4115775,3.0840292,-1.0983332,4.375932,0.08576143,2.552938,1.2374884,3.2562704,0.14309633,2.7397563,1357.1481109279619,1789.3293333072518,0.0,6738.994928064266,17.373453748484916,6.736723035101694,3192.6230433996884,4644.4452905237595,0.53071195,0.49705794,0.0016082003447508897,0.005739427633806879,0.00020058366,0.00048105378,0.0,0.0037342398,2198.6800316551203,2580.892149725825,0.18040885,0.28572276,[234.90767045]
mus_harpsingle_cozy005_.wav,mus,harp,single,cozy,005,-870.5588,44.08844,35.415928,41.098324,15.860491,14.701164,8.199512,7.524515,9.78408,9.298529,9.082296,9.344217,4.4041953,4.550615,0.7027193,3.1375394,-0.44610465,3.0342336,-1.2960346,3.9612665,-2.3641737,5.008199,-2.0398045,4.3661714,-0.035345167,2.6768165,999.8995440263973,1142.8432404778978,0.0,4669.164996741751,19.845340305958096,11.003825383772869,1931.168156416815,3163.9646515447685,0.15285896,0.35931194,6.081794928825623e-06,5.4153838280719736e-05,0.0016981612,0.0027961275,0.0,0.012372031,2471.460807293501,2024.9533080767433,0.46137786,0.3320023,0.0
mus_harpsingle_mystic006_.wav,mus,harp,single,mystic,006,-902.48303,37.200268,26.293653,33.764122,9.74224,9.709934,4.2926717,3.857865,6.5495143,6.100977,7.0475445,5.562525,5.8273587,5.056386,5.5363145,4.5533032,4.5493355,3.4775891,2.2615786,4.2879825,2.3105917,4.376007,6.5345654,4.605627,11.903931,10.9359665,475.3345443013256,713.1194130617947,0.0,4989.110435392053,19.40389297964315,13.463171828619556,515.6091004504003,1672.2919410797908,0.15279426,0.35933945,6.081794928825623e-06,5.4153838280719736e-05,0.0011843084,0.0020106845,0.0,0.009295281,1537.1582093056816,1616.6339987774027,0.72901493,0.3482079,0.0
mus_harpsingle_mystic007_.wav,mus,harp,single,mystic,007,-964.67206,55.152187,33.071682,42.047558,7.104989,11.658356,0.8988624,5.680492,1.8561896,4.1730747,4.6098843,5.3865943,6.422864,7.789571,6.57744,7.608233,5.6552515,6.264954,4.3196106,4.9849415,3.571018,4.844836,3.643494,4.401235,3.5119333,3.9829874,597.6365840902225,965.8559997842203,0.0,7481.13983434991,16.960878852768666,9.272850821045475,877.4971849977758,2234.747394545839,0.4397969,0.49564517,5.212967081850534e-06,7.11590692749224e-05,0.0005086127,0.0008978428,0.0,0.004162732,1577.2942320853128,1852.0869761274869,0.45402136,0.4363595,[172.265625]
mus_harpsingle_mystic008_.wav,mus,harp,single,mystic,008,-909.0578,36.957317,29.85583,35.982124,13.8008375,14.208157,6.3506,5.655289,6.32614,5.6633596,6.864053,6.081919,6.072505,5.1233735,5.230305,4.147093,5.0174637,3.7364333,4.2563214,3.2707639,2.5802746,3.5349736,1.8459964,4.042191,2.708593,2.5441737,514.2043431361956,742.2210115941856,0.0,4166.020487519781,19.09623019309737,13.259402146336729,612.1253614323844,1723.701822997668,0.1528091,0.35933316,6.081794928825623e-06,5.4153838280719736e-05,0.0010077638,0.0017618494,0.0,0.008328757,1596.981263930463,1666.7149572141966,0.7373238,0.35346997,0.0
mus_harpsingle_mystic009_.wav,mus,harp,single,mystic,009,-934.1956,49.388504,34.236904,42.982933,10.02486,11.025577,1.9013989,4.9949965,4.199092,3.3568666,5.1121693,4.309559,2.4670763,3.3373208,-0.965169,6.6698966,-2.6622663,9.056712,-2.1045156,7.985582,-0.15991244,5.018271,1.0613008,3.564671,1.1871588,3.307699,958.7965242163298,1134.5860093780032,0.0,4658.883294094661,20.602572910857074,14.096280371170817,1877.4500945284697,2830.294462418922,0.15290377,0.35929298,0.001581266681494662,0.004986664656563128,0.00039438525,0.000782097,0.0,0.0045962553,2111.462101485559,2211.856552315998,0.539927,0.39979935,[36.13964161]
mus_harpsingle_mystic010_.wav,mus,harp,single,mystic,010,-943.2289,47.353592,28.102903,36.706776,5.4904485,6.393037,2.175049,4.094952,5.3560147,4.785299,3.2421975,3.0250883,-0.16595677,6.934391,-0.5598796,6.7377405,0.23944831,5.2792926,1.0724659,4.259615,2.7898495,2.8028383,5.101424,3.5195994,7.815063,6.2863193,757.8923996876471,1032.9569198149297,0.0,4684.368600697424,20.387270092827094,15.234178718134737,1399.1601041203292,2493.6059707291743,0.15287116,0.3593069,0.0009696118772241993,0.004788054691536296,0.00036713338,0.0007329279,0.0,0.00473773,1753.6155390783956,2083.2752203671434,0.64839953,0.37915912,[60.79963235]
mus_harpsingle_mystic011_.wav,mus,harp,single,mystic,011,-886.5308,49.53015,38.800396,49.62795,16.295477,18.475996,2.8569043,5.0273733,0.12802173,3.6300008,0.6657457,2.7891808,1.1268444,3.5231938,1.9320538,3.2549772,2.0611057,2.9244153,0.060381934,3.5912797,-1.4134761,5.7256966,0.04122409,2.8018517,1.436499,2.837867,889.1591306515497,1194.7380737414535,0.0,6027.766503068415,17.390156936514643,8.305528668624435,1617.480729398354,3044.001681129482,0.34414858,0.47435933,2.0851868327402136e-05,0.0002846362770996896,0.001173338,0.0021280914,0.0,0.011113702,2119.2569886903602,2011.9754641733143,0.40939194,0.38660896,0.0
mus_harpsingle_tense012_.wav,mus,harp,single,tense,012,-902.6886,40.438255,33.767452,40.7767,15.62128,18.332296,5.749767,7.3394704,3.8256266,4.0515265,3.1440961,3.3963087,2.070889,3.2559836,1.8365924,2.8900688,1.8984488,3.0940404,0.8065833,2.6287637,-0.76822233,3.3703148,-1.1180892,4.30402,0.7848998,3.4377036,891.7096637717875,1273.5723513628445,0.0,6285.0050980712385,18.30567509207307,8.974078711849558,1578.7822682662365,3358.78447470467,0.30530035,0.45958573,8.166981761565836e-05,0.0009421315347100224,0.0012792641,0.0020977343,0.0,0.009517614,2179.192941444827,1976.510491116881,0.47155675,0.39617458,0.0
mus_harpsingle_tense013_.wav,mus,harp,single,tense,013,-999.45685,67.756424,24.25392,33.863964,-0.8943386,7.219801,-2.41787,8.132653,-2.28991,5.401952,1.0527649,3.2635887,2.706465,4.135065,2.3679264,3.9144113,0.09066571,3.9046266,-1.7670708,5.1992497,-1.8611298,4.318127,-0.93177617,3.1509862,1.2892324,2.572896,1286.221668208655,1755.1232787820827,0.0,7035.003559778669,18.577184528390674,7.6509272143289895,3096.9114038867883,4513.576075106933,0.53174794,0.4975825,0.0013901245551601424,0.005981151494573856,0.00015542949,0.00032876284,0.0,0.002481879,2146.6670577393957,2597.075546075518,0.19506153,0.303637,[198.76802885]
mus_harpsingle_tense014_.wav,mus,harp,single,tense,014,-891.9788,40.845608,31.420578,39.037342,13.146841,15.525156,4.72013,5.9423666,3.2723963,3.912259,0.7734997,2.847019,-1.985844,5.2557826,-1.4774396,4.2158227,1.1198395,3.0932972,2.0615575,3.8788016,0.30230734,1.9161586,-1.4576415,4.066479,0.6644451,3.8668377,1193.652691638277,1590.525124204741,0.0,6840.8129930611485,18.920608056506975,7.635193754865888,2547.2783098865657,4226.662409894241,0.35215864,0.4763033,0.00015638901245551603,0.0016131922298262952,0.0011920641,0.002221386,0.0,0.011842709,2453.339882237773,2235.434584462609,0.31032628,0.35131997,0.0
mus_harpsingle_tense015_.wav,mus,harp,single,tense,015,-943.2389,45.714645,31.54997,39.76843,10.207561,12.42708,4.9202733,6.913465,6.020439,7.426196,4.8171177,5.5090895,2.919424,4.200784,2.7840333,3.9758837,4.365273,4.7132163,6.363068,6.4174404,7.6293797,7.7297297,7.5119376,7.455309,5.7443786,5.4745398,427.301289758842,684.5226177633906,0.0,4541.174954277739,17.189435480736588,10.30046634922204,455.4923821174377,1568.703839283148,0.37804854,0.4843018,5.212967081850534e-06,7.11590692749224e-05,0.0007624667,0.0012726521,0.0,0.005544943,1393.7996401433923,1578.50104001593,0.5346942,0.4418377,[191.40625]
mus_harpsingle_tense016_.wav,mus,harp,single,tense,016,-977.2639,62.23488,31.701412,39.74518,4.7459097,8.778298,2.7525978,5.48333,6.629429,7.364671,8.326773,9.740612,6.8982563,7.7890162,4.6627455,5.16686,2.5975385,3.2143228,0.7129289,3.7784941,0.35103273,4.964995,1.6742585,3.8762143,2.6309183,3.4459562,515.6277325954375,809.95068060077,0.0,5446.051581362508,17.69849702398354,10.37015313454036,619.0987474977758,1841.1257536047945,0.41137597,0.49174955,2.606483540925267e-05,0.0003557953463746119,0.0005063916,0.0008333412,0.0,0.0035872825,1490.8391856791916,1745.8005704986933,0.46787086,0.43547812,[103.359375]
mus_harpsingle_tense017_.wav,mus,harp,single,tense,017,-879.1536,50.114223,31.986092,45.559895,10.267414,12.7389965,2.0171854,6.1218095,5.3521323,5.7051153,7.359579,7.8003383,4.5262322,5.420302,2.0136168,4.3235197,2.2517805,2.7459562,3.2918005,3.418203,4.5646853,4.452053,6.5319343,6.2704787,8.053761,7.9032626,645.8292435281313,1086.4361372511694,0.0,8019.251663955346,17.152208227525488,8.957706270684742,956.9631338967971,2490.6965938010085,0.36534572,0.48020157,1.0425934163701068e-05,0.0001423181385498448,0.0012326592,0.002283463,0.0,0.011274459,1685.7411718147164,1804.5591026091333,0.49121362,0.41964343,0.0
mus_ocarinamelody_cozy003_.wav,mus,ocarina,melody,cozy,003,-602.3043,25.384401,27.019716,19.778925,20.784374,15.425922,11.817546,11.065964,1.7267686,10.646462,-7.9108963,13.6626005,-15.4143915,15.852353,-19.890404,15.964963,-20.912962,14.381362,-18.739576,13.42053,-14.239006,15.320274,-8.532924,18.941597,-2.8188264,21.665897,735.9852669918251,803.1310489217157,0.0,5613.454050847689,20.67037287694866,9.80432942349561,869.4370249155405,2125.4687261482004,0.20915297,0.40653017,0.01730275197072072,0.009888646560468489,0.026987687,0.03546545,0.0,0.13974103,1492.3534427652576,1429.8395364933372,0.11900173,0.27201024,[20.34633366]
mus_ocarinamelody_cozy004_.wav,mus,ocarina,melody,cozy,004,-594.0047,25.741898,26.510206,19.811804,20.520441,15.632519,11.719406,11.21811,1.6943711,10.497854,-7.747208,13.456649,-15.280952,15.814138,-19.677097,16.018993,-20.625532,14.521823,-18.366682,13.468049,-13.994292,15.205809,-8.391188,18.745024,-2.7133343,21.506151,716.38102988948,779.7832489958072,0.0,5185.41826207136,20.90719869691536,9.684908151473401,839.5328544941683,2074.329222286348,0.2230136,0.41550425,0.016961088045131845,0.010064319299237807,0.028080618,0.037295137,0.0,0.1528919,1467.2439429458268,1390.6538507384184,0.11793116,0.27015844,[23.49076705]
mus_ocarinamelody_cozy005_.wav,mus,ocarina,melody,cozy,005,-570.4871,33.85738,29.7705,20.94997,20.715662,16.8575,8.56501,16.126274,-3.208756,18.2181,-11.682646,19.25394,-15.836535,19.248894,-15.846734,21.322697,-12.971699,23.563202,-9.071978,22.271963,-5.516958,16.604269,-2.5605693,10.007343,-0.3318337,12.74652,801.1929420856023,674.7589345083103,0.0,3700.3389928079905,18.054697554605546,8.137493437982144,795.7742503612717,1596.521520478297,0.21207991,0.4086196,0.019051436054913294,0.01299565716920175,0.036936242,0.04643562,0.0,0.17590605,1672.1858680697167,1239.0006689729641,0.13027449,0.2810079,[58.06706461]
mus_ocarinamelody_cozy006_.wav,mus,ocarina,melody,cozy,006,-577.2,30.125416,26.468674,20.723433,18.171518,15.655574,6.918236,13.605603,-4.255768,16.326206,-12.541751,17.653074,-16.752703,15.826663,-16.722666,14.730456,-13.64395,18.549782,-9.289168,23.250385,-5.4061656,24.536558,-2.8416836,21.29868,-1.8224245,15.741763,779.5649163063921,751.7331974114034,0.0,4491.714023658959,21.893006069656174,10.723337652780865,852.4065592800977,1871.9822512030087,0.23888622,0.4260954,0.018997424078091105,0.012716254517601104,0.032197867,0.044996183,0.0,0.1725506,1550.2517549254544,1354.5687294261606,0.11476252,0.2701049,[39.45014313]
mus_ocarinamelody_cozy007_.wav,mus,ocarina,melody,cozy,007,-589.2048,34.02886,30.50445,21.611828,23.519604,17.315407,13.975913,15.857955,3.8121107,18.53082,-4.9146924,21.937262,-11.012885,22.567879,-13.899681,19.473682,-13.210929,13.649931,-10.211682,9.871024,-6.266957,13.644038,-2.5872695,19.732422,-0.18989184,23.777788,716.8950251042903,720.4282639620471,0.0,4740.021194204074,18.584790094751142,7.228157615271077,770.8235606776458,1816.6387787401939,0.22723402,0.4185327,0.015439389848812095,0.010982750028350339,0.031329647,0.039997146,0.0,0.14406547,1617.7736302160768,1282.1600192220726,0.1429071,0.2916565,[52.734375]
mus_ocarinamelody_cozy008_.wav,mus,ocarina,melody,cozy,008,-575.0177,30.933586,28.855486,20.222795,21.287285,17.43106,11.400744,18.314272,1.8751268,20.410933,-5.0767,20.012636,-8.699969,17.96239,-9.5244465,18.521309,-8.694602,21.385662,-7.6856074,21.771156,-7.2863636,17.476889,-7.6213927,11.280205,-7.720142,12.133596,789.6859019105125,752.2989254422968,0.0,4324.082248602461,18.103652599300613,7.729227572789008,861.9873046875,1869.651581573664,0.20269328,0.4016263,0.017321528220663265,0.012706208832870066,0.032710016,0.042865254,0.0,0.17137149,1709.223564483169,1318.8420272496217,0.14414789,0.29239663,[50.17445388]
mus_ocarinamelody_mystic012_.wav,mus,ocarina,melody,mystic,012,-609.3596,34.32732,28.4622,21.26611,18.111261,16.483528,5.123006,17.262629,-6.5622153,21.54972,-13.675247,22.014599,-15.077569,19.17179,-11.851744,17.92979,-6.3168235,20.197857,-1.4670472,21.977745,1.1656688,20.61215,1.0317612,18.200676,-0.7152579,18.251173,875.550231588136,819.620714467115,0.0,4869.6825945860355,18.600548299873317,8.069927160692469,963.1757000577368,2012.7739035940735,0.2361355,0.42407238,0.019862785075057735,0.014315416995739256,0.023822043,0.031892173,0.0,0.12492296,1753.0913026162957,1355.6314631887437,0.1248716,0.27936566,[57.421875]
mus_ocarinamelody_mystic013_.wav,mus,ocarina,melody,mystic,013,-575.4408,31.500639,28.301903,20.483385,21.986498,17.5546,13.364011,17.628357,4.254101,20.102877,-2.8169942,20.359354,-7.1132545,16.601114,-8.75266,12.48707,-8.555773,15.013946,-7.912854,20.56815,-7.727142,23.576124,-8.614556,21.916609,-10.191472,16.624084,714.1440570315295,698.5676851526922,0.0,4787.210910917778,19.829208901414994,9.125839870022718,736.3992039161392,1730.9043450625356,0.22616251,0.41786528,0.015476661392405063,0.011688370164715169,0.032050688,0.041660164,0.0,0.17290795,1623.1709360220348,1263.713399541453,0.1410247,0.28845212,[51.6796875]
mus_ocarinamelody_mystic014_.wav,mus,ocarina,melody,mystic,014,-574.76965,30.531193,29.500904,20.707752,22.701576,17.097216,13.238344,15.693872,2.8480055,17.30518,-6.329354,18.907684,-12.751884,18.20181,-15.800254,14.774869,-15.4516535,11.811279,-12.948855,14.257783,-9.496313,19.588396,-6.1340127,23.350496,-3.8070648,23.949814,752.3403059235928,723.9226250117771,0.0,5571.792582996198,18.82462692699187,8.153661733154498,811.2565260667068,1824.5463948391584,0.19764385,0.39761466,0.016999073517628204,0.010757691830237616,0.03455187,0.04553161,0.0,0.17096972,1635.2065898135454,1276.3243475526258,0.13971402,0.29345715,[46.55827703]
mus_ocarinamelody_mystic015_.wav,mus,ocarina,melody,mystic,015,-587.34033,27.14083,25.044643,18.562473,14.303667,13.991798,1.0100678,16.17787,-10.124208,19.967583,-15.679344,18.049713,-15.065759,13.047266,-10.33912,15.721193,-4.6826715,23.358463,-1.2213739,27.145359,-1.2077719,25.118736,-3.8409722,19.593191,-6.8527436,14.136975,928.4659082387944,820.5637634469181,0.0,5403.854167988741,21.242622551846097,11.462786710492113,990.0243784215329,1984.0261093722463,0.19752134,0.39761496,0.023232920848540145,0.014612571488831466,0.026355175,0.03622466,0.0,0.1592285,1696.5179901664078,1426.411886337479,0.11661111,0.2722105,[33.34173387]
mus_ocarinamelody_mystic016_.wav,mus,ocarina,melody,mystic,016,-610.42267,25.774643,23.588676,18.940302,13.951799,11.026461,0.8673053,3.195909,-12.168908,10.79607,-21.51459,17.326427,-24.870907,19.093235,-21.69488,16.169151,-13.381093,10.744196,-2.3911593,7.401716,8.502408,10.10319,16.503855,13.4256525,19.58877,13.949031,888.9008825571048,861.8857749393865,0.0,5985.241980474258,21.41668841046255,10.088124792333705,1017.6175025201613,2099.788691101449,0.24205053,0.42819196,0.02224942396313364,0.0129651993486382,0.024074651,0.034289062,0.0,0.13212061,1578.1863427571345,1516.3906280179003,0.10028859,0.2540644,[27.48919548]
mus_ocarinamelody_mystic017_.wav,mus,ocarina,melody,mystic,017,-580.00385,28.886889,24.75651,18.5698,12.90937,14.078127,-1.3748381,16.009508,-12.7412,18.564234,-17.563364,16.051178,-15.476433,12.958281,-9.128958,18.920637,-2.3232245,26.019005,1.5321183,26.590912,1.105248,20.188232,-2.2227445,13.229509,-5.5315537,15.444549,920.8048457266808,751.8890925807879,0.0,3990.3049556154447,20.281699622644027,10.209013243165936,933.5476988299763,1647.1349473015482,0.20554368,0.40388802,0.024912371642969985,0.015410149702310697,0.029304368,0.039507356,0.0,0.1663723,1625.314324995,1324.4211388429048,0.10916271,0.26412785,[36.39414613]
mus_ocarinamelody_tense021_.wav,mus,ocarina,melody,tense,021,-606.86926,23.138832,26.58022,19.59599,18.837175,15.2701435,8.225007,13.170072,-2.9713628,14.879924,-12.215096,16.972498,-17.58884,16.0888,-18.628666,13.007609,-15.930222,13.157513,-10.8518505,18.666615,-5.245483,24.251478,-0.92642295,26.54542,1.3104326,23.95011,829.789924407638,877.3211855600019,0.0,6405.8021547220815,20.715180040595662,9.807065582964137,1002.9327242737315,2268.412027559575,0.19821759,0.39843357,0.01995320171849427,0.011641539486465537,0.023706602,0.032214995,0.0,0.14034437,1572.7735201325058,1493.2715924349657,0.11806818,0.2735428,[18.19707306]
mus_ocarinamelody_tense022_.wav,mus,ocarina,melody,tense,022,-574.6217,22.72106,25.437859,18.947357,19.09561,14.497767,10.057397,9.561468,-0.24426337,7.7950015,-9.926823,11.013021,-17.190388,14.15137,-21.219181,15.568119,-21.60017,15.484582,-18.505667,14.825444,-12.908041,14.949858,-6.0549264,16.007774,0.6826319,16.806885,781.0851218841581,788.0717029079125,0.0,5651.260815843262,20.081777269033584,9.683195933290605,903.8930730950342,2020.2322504267397,0.19445452,0.39538285,0.018688463184931507,0.010016072393098513,0.030528191,0.04248664,0.0,0.18421648,1541.2670193095685,1450.1511949375363,0.12020213,0.27386644,[22.86711836]
mus_ocarinamelody_tense023_.wav,mus,ocarina,melody,tense,023,-594.856,27.396912,24.9478,19.412977,15.292876,15.891267,3.260878,16.693045,-7.256561,17.884043,-13.140927,15.20002,-14.070144,13.468912,-11.701622,19.512737,-8.242571,25.048456,-6.153465,24.535809,-5.9368124,18.90737,-6.545838,15.365944,-6.2962937,18.454927,900.922377215584,856.8073499424867,0.0,5226.572609710513,20.227225516645927,9.92610677985239,980.0812889940893,1949.8067411627585,0.21528986,0.4102556,0.02243955916155867,0.014818898614475095,0.026622789,0.03628338,0.0,0.16018637,1635.8595769594494,1452.6228544557205,0.11370495,0.26902473,[30.39981618]
mus_ocarinamelody_tense024_.wav,mus,ocarina,melody,tense,024,-630.69745,25.961693,22.98395,17.984943,10.399865,11.930705,-4.607888,13.6779375,-16.112883,16.975607,-20.189016,15.426507,-16.565372,15.144008,-8.474221,21.980724,-0.26700553,26.939764,4.3761673,23.11554,4.4450865,10.932513,1.8279263,5.6892996,-0.6186143,18.826366,947.9774202705993,827.2112591833363,0.0,4300.752517215426,20.443324864969046,10.295683042086093,1059.8905059607787,1975.255100325386,0.23934741,0.42660415,0.02572569836343115,0.016222305352030602,0.018651795,0.024645748,0.0,0.09404275,1592.250706390925,1469.1215470421232,0.09969582,0.25556636,[26.77704016]
mus_ocarinamelody_tense025_.wav,mus,ocarina,melody,tense,025,-579.31067,24.851093,23.962467,18.25104,19.126657,15.089163,12.129164,12.893968,4.378851,13.971946,-2.9249496,16.571596,-8.567204,18.063047,-11.973362,17.246157,-12.82162,14.549437,-11.355568,11.744131,-8.378759,11.803337,-4.9169827,14.544645,-1.7658492,17.301886,733.9057251637515,798.0159163674804,0.0,6086.621496816451,18.38329893830328,7.9500219338338365,772.6033528645834,1979.1169599540244,0.21892138,0.41305193,0.01556080005787037,0.010322861883012199,0.027433135,0.039294682,0.0,0.16654466,1631.433187065746,1411.5763515966619,0.13617164,0.28223372,[32.50294811]
mus_ocarinamelody_tense026_.wav,mus,ocarina,melody,tense,026,-581.4635,25.994251,28.940018,21.239588,23.738058,18.112364,16.02481,15.061748,6.920607,14.346048,-1.8999425,15.56213,-9.3758135,16.602062,-14.615577,15.816915,-17.188902,13.501938,-17.356508,11.986653,-15.435687,13.693808,-12.200444,17.481789,-8.509305,20.89306,652.8349946551423,686.0717475770075,0.0,5247.926204082248,18.72087043251626,7.861108789854483,709.9194537706611,1669.8133617562428,0.20906988,0.40593648,0.015359471849173554,0.009330355042052275,0.03257595,0.04317416,0.0,0.16055979,1438.1138937146857,1318.4455721470688,0.14086935,0.29658642,[28.39543269]
mus_ocarinasingle_cozy000_.wav,mus,ocarina,single,cozy,000,-605.2988,22.59505,17.062777,20.277193,15.155081,17.949894,12.210388,14.438468,8.405444,9.881186,4.099366,4.8281307,-0.4290342,0.7996122,-4.6996536,5.4668946,-8.440395,9.658913,-11.384221,12.891738,-13.286874,14.889143,-14.202596,15.761357,-14.001632,15.397234,413.4511723760748,621.3837326553441,0.0,3298.7717941757974,22.51739941344389,7.380475469241275,441.61314883474574,1385.2682893517208,0.49438465,0.499935,0.007900776836158191,0.007872889225959311,0.0156223355,0.03002515,0.0,0.14195375,1044.2628673327483,1384.7329911713732,0.09081595,0.24121515,[120.18531977]
mus_ocarinasingle_cozy001_.wav,mus,ocarina,single,cozy,001,-601.99207,25.212526,17.873,21.268017,15.126606,17.708559,11.331253,13.205995,6.7663884,7.9283514,1.4816184,1.7517058,-3.821027,4.5545225,-8.489587,9.857599,-12.14505,13.857673,-14.542288,16.421696,-15.6522045,17.567871,-15.15701,16.823263,-13.403107,14.73776,447.66354485496487,811.4454030085735,0.0,5547.3246514642315,23.455822598634473,8.636229725104066,585.8369471663135,2077.465982981349,0.49461377,0.49971676,0.008855270127118644,0.008828495225397005,0.01957006,0.03591646,0.0,0.15300311,982.1984162838711,1389.056657528376,0.08067928,0.22913435,[120.18531977]
mus_ocarinasingle_cozy002_.wav,mus,ocarina,single,cozy,002,-636.6936,25.059124,18.881077,22.328201,14.048401,16.472183,7.098004,8.2595005,-0.71975625,0.94981176,-8.2153635,9.506786,-14.087389,16.140078,-17.396015,19.733442,-17.833319,20.035482,-15.380178,17.116482,-10.589701,11.682951,-4.580865,5.04663,1.6728407,1.8565234,496.6785560186458,707.4752720920155,0.0,3880.187772761137,22.52357445851804,8.172259552788946,598.4283964512712,1618.9710110701185,0.4944294,0.49989152,0.01182082009180791,0.011787701106626011,0.015002152,0.027268153,0.0,0.103862114,999.8627642890964,1379.0414478564398,0.07326084,0.22115572,[120.18531977]
mus_ocarinasingle_mystic009_.wav,mus,ocarina,single,mystic,009,-648.88635,23.026337,17.420425,20.051405,15.32221,17.60099,11.916779,13.619717,7.6493773,8.722201,2.8425653,3.251076,-2.1648147,2.7598531,-6.662077,7.56405,-10.414762,11.621719,-13.175224,14.58626,-14.775641,16.209177,-15.151923,16.512302,-14.2244,15.375609,417.2442405596239,621.3117532445735,0.0,3855.8561509829096,23.57091031704786,8.765194235977502,419.8974609375,1301.4259181142568,0.49444577,0.49987602,0.008361471574858757,0.008333275051510382,0.012086008,0.020606138,0.0,0.08907474,1038.1699065054743,1361.3507359124492,0.08108765,0.22769171,[120.18531977]
mus_ocarinasingle_mystic010_.wav,mus,ocarina,single,mystic,010,-648.9704,25.670586,19.125008,22.480658,16.101095,18.772833,11.638854,13.573709,5.937151,6.858475,-0.15728399,0.47807795,-5.9336653,6.8249736,-10.888892,12.396372,-14.3558,16.1129,-16.169033,17.942417,-16.392075,18.04315,-14.813154,16.127787,-11.907555,12.8298435,444.50353791502744,665.6414333876293,0.0,3917.6510903226103,23.19436508243557,8.360144695046628,495.020358845339,1531.916316973167,0.49442264,0.49989796,0.009391827771892656,0.009360440385321297,0.013155144,0.023278901,0.0,0.10089016,1024.2702706967927,1380.0989582695934,0.0807249,0.23089926,[120.18531977]
mus_ocarinasingle_mystic011_.wav,mus,ocarina,single,mystic,011,-599.4433,23.564377,16.118732,19.643032,12.919236,15.590251,8.204034,9.896001,2.5433156,3.1536448,-3.3516693,4.036412,-8.591818,10.1755495,-12.537991,14.6807995,-14.760916,17.12722,-14.907374,17.080912,-13.286247,15.091588,-10.020098,11.246592,-5.740439,6.362405,513.9139812625513,755.6558446066676,0.0,4192.250002480626,23.063714140346356,8.583386295285555,649.8891022245763,1818.0116014451685,0.4944343,0.49988663,0.01052977136299435,0.010503194207189745,0.014360869,0.029536562,0.0,0.15329762,1123.1369923524453,1476.6783737158541,0.078840524,0.2305888,[120.18531977]
mus_ocarinasingle_tense018_.wav,mus,ocarina,single,tense,018,-607.74896,23.961823,16.250631,19.848803,13.058785,15.85738,8.264753,10.022648,2.4425921,2.92597,-3.4657671,4.2213135,-8.657956,10.234398,-12.564558,14.696432,-14.694552,17.004026,-14.857662,16.995039,-13.187652,14.921277,-9.952449,11.111707,-5.7669744,6.3965783,525.1490681402375,799.4828931657657,0.0,5016.613470995412,23.9509568688662,9.101775086370196,660.1690777277543,1968.7947817215804,0.49443743,0.49988344,0.010531150688559322,0.010507293037810514,0.013664007,0.027618019,0.0,0.14102043,1130.949606301649,1512.9781864817785,0.0798965,0.23385622,[120.18531977]
mus_ocarinasingle_tense019_.wav,mus,ocarina,single,tense,019,-638.112,25.971811,19.10029,22.484434,16.036066,18.736029,11.510886,13.418345,5.932853,6.8938165,-0.19450717,0.60377216,-6.0438557,7.0588837,-10.893982,12.435042,-14.333622,16.137466,-16.146301,17.933727,-16.404325,18.084171,-14.96867,16.343246,-12.103045,13.100775,444.39944179600167,697.9555476337669,0.0,4414.996389473094,23.069539643048508,8.39840930309568,536.5660586599577,1708.4875844397343,0.49447495,0.49984807,0.009378034516242938,0.009348719567961109,0.01490742,0.026463985,0.0,0.11299613,1012.8430551633882,1381.945961360681,0.08093851,0.23184964,[120.18531977]
mus_ocarinasingle_tense020_.wav,mus,ocarina,single,tense,020,-592.5283,23.31708,16.94769,20.25627,14.974851,17.745148,12.142749,14.387256,8.387996,9.865284,4.0180216,4.62868,-0.395221,0.9081989,-4.5945606,5.447454,-8.316183,9.627766,-11.2560425,12.851621,-13.175618,14.828708,-14.088138,15.682759,-13.977029,15.428359,396.88716974816947,624.3393255287881,0.0,3752.183035950316,21.744963217719963,6.877345527351777,444.89787473516947,1468.5619388438645,0.4944154,0.49990502,0.007909052789548022,0.007878521686429229,0.018514348,0.03518188,0.0,0.16423179,985.2033551770367,1343.8957653381785,0.08868041,0.2374322,[120.18531977]
mus_padtexture_cozy000_.wav,mus,pad,texture,cozy,000,-519.7911,52.893047,122.641136,57.43599,68.095695,29.008368,25.076822,20.066828,10.016886,10.279439,9.450343,7.4598327,7.625973,6.8121576,3.730374,4.7305956,2.7007248,4.001207,3.5415006,4.974103,2.4013798,4.2849474,-0.33655307,3.5073287,-1.4986258,3.953081,513.9865251594947,706.7980891250127,0.0,4121.338886434131,24.11167415520085,7.198562741706318,885.0692530319735,1883.8468460791569,0.047945525,0.21270218,0.006667973056780596,0.0021087442135522176,0.044359073,0.039237387,0.0,0.1630887,1140.2961524850627,1246.449471646375,0.38062653,0.35730547,0.0
mus_padtexture_cozy001_.wav,mus,pad,texture,cozy,001,-523.34705,49.364532,120.377785,56.31629,76.05239,31.284454,36.271854,20.047216,18.043587,12.1876335,16.2005,7.3654337,16.559017,10.574966,12.357665,7.7653875,6.459109,4.412193,3.056975,4.0250635,2.463648,3.9235191,3.053444,3.5487533,4.1240325,3.1557577,405.10814486370623,584.3724047639378,0.0,3898.60869348146,18.68917205050133,5.328068110074441,615.1801095644984,1463.0934133559144,0.04787177,0.21269591,0.003924553817530319,0.0013321147209169363,0.03995651,0.035713624,0.0,0.15497926,1143.6716727973458,1162.1873930015374,0.5093255,0.28373682,0.0
mus_padtexture_cozy002_.wav,mus,pad,texture,cozy,002,-513.1925,49.15613,121.329506,56.50457,76.62889,31.288424,35.72749,18.23551,16.379395,10.879576,14.585793,6.7149005,16.169138,10.353305,13.117621,7.778545,7.3495417,4.2068644,3.4042697,4.135399,2.4564562,4.0324097,3.117315,3.5237174,4.323132,3.174513,395.1968560588471,573.7047053278354,0.0,3888.9600163116747,18.72739828958728,5.307632494458612,600.5080924407387,1428.6664854572475,0.047870535,0.2126962,0.0038949447009371556,0.001269447780781533,0.043939568,0.039302543,0.0,0.17070174,1105.0799763751272,1146.4133844820146,0.50892687,0.28367925,0.0
mus_padtexture_cozy003_.wav,mus,pad,texture,cozy,003,-492.5302,53.572666,122.11036,57.482258,66.893684,28.96232,24.797798,21.229448,11.287549,10.785435,10.903722,8.27973,7.9620028,6.6882744,3.3014698,4.6629834,2.4581265,3.9277148,3.6247518,5.155203,2.4193597,4.464284,-0.4914425,3.5605505,-1.6967229,3.9114835,484.8431608521712,660.5055389765033,0.0,4000.3268597737174,24.396634394672176,7.21893453544084,824.600599934537,1749.1722812693845,0.047919143,0.21270779,0.006669049751929438,0.002114431494352905,0.05861494,0.051771674,0.0,0.21494037,1046.7721343473645,1196.271011790556,0.38008898,0.35748854,0.0
mus_padtexture_cozy004_.wav,mus,pad,texture,cozy,004,-511.18973,50.481823,120.75329,56.700054,74.25934,30.798445,34.660526,20.51548,18.582603,11.67378,17.862507,8.802677,17.184624,10.88531,11.687461,7.1230545,5.924722,4.367906,3.388172,3.911513,2.9749358,3.9056027,3.0755289,3.5821104,3.8878756,3.14719,395.3406555241454,567.0709869761952,0.0,3918.0120043852467,18.870192893876375,5.419187351782713,595.7123845782801,1408.4094208426986,0.047867063,0.21269695,0.0038992514815325246,0.0012812271897234399,0.044634372,0.039895974,0.0,0.17306821,1103.371440748011,1138.6847191846975,0.5091606,0.28376395,0.0
mus_padtexture_mystic005_.wav,mus,pad,texture,mystic,005,-504.79498,48.435284,118.33889,55.274193,73.39902,30.304197,32.666546,18.211094,12.829258,11.049136,8.860316,5.5007577,7.9004264,6.6177897,4.7684913,5.009486,2.3170981,4.0414996,2.659741,3.8697443,3.5588307,4.806534,2.4173465,4.0319676,-0.15620495,3.7666733,463.6028181248667,639.2689198090324,0.0,4046.4157232813222,22.50883645067392,6.7160467258258265,764.6779927818358,1676.471173142176,0.047951,0.2127743,0.005936358703142227,0.001912079024161055,0.045799438,0.040660262,0.0,0.17844473,1101.8929134849566,1192.8870395694375,0.38580728,0.3310864,0.0
mus_padtexture_mystic006_.wav,mus,pad,texture,mystic,006,-500.95456,52.49761,124.22609,58.197872,74.29081,31.270517,33.15597,21.95286,17.519497,11.785768,16.641106,9.09599,14.207869,10.101701,7.113825,5.554658,1.7407601,4.754152,1.5351576,4.1396194,4.126873,3.7133262,6.4477067,4.221408,7.4045863,4.4529796,429.5750066914351,621.2937601167127,0.0,4135.222721112879,21.44901145968472,5.741910789004644,700.7906172477949,1574.131818915894,0.04790008,0.21269022,0.004655091476019846,0.0014809704005131314,0.050208356,0.044627257,0.0,0.1800043,1080.1851072374377,1183.9644656548085,0.49343643,0.31243935,[120.18531977]
mus_padtexture_mystic007_.wav,mus,pad,texture,mystic,007,-490.0443,53.910717,122.35028,57.586872,66.34798,28.916262,24.305166,21.293108,11.419076,10.525207,11.239541,8.63662,7.963508,6.6845384,3.096508,4.666875,2.4194794,3.8950124,3.7606502,5.2192235,2.5202281,4.4925423,-0.48365745,3.5689662,-1.7161522,3.9296863,484.0284950319979,656.1443415408811,0.0,3957.538593064906,24.455517015160456,7.1953378683724045,822.3214516434675,1735.7653012975209,0.047916014,0.2127084,0.006655591062568908,0.002096529640888805,0.059781298,0.05280898,0.0,0.21918102,1041.387260837883,1190.4035468269087,0.38027886,0.3575545,0.0
mus_padtexture_mystic008_.wav,mus,pad,texture,mystic,008,-532.7469,49.365993,115.89643,54.884254,66.58823,28.195173,24.323072,18.101238,6.076694,10.886354,3.7352254,5.5135136,3.235326,6.1794376,0.7461554,4.9937024,-0.6115716,4.2643504,-0.27316582,4.7381067,-0.67932266,4.5488334,-2.3012302,4.2750816,-3.3384674,4.391437,542.7456982731264,742.2819128335984,0.0,4014.9893679263796,24.1978218924312,7.876558395711737,946.511292378721,2012.57348433295,0.047950286,0.21267939,0.007082500689084895,0.0022617569933705475,0.03589491,0.03172118,0.0,0.13662237,1211.6741799841664,1271.5665701262396,0.30692,0.31572446,0.0
mus_padtexture_mystic009_.wav,mus,pad,texture,mystic,009,-488.5401,49.590054,122.947586,57.050255,77.96761,32.031193,36.723267,19.292128,16.759644,11.309956,13.817049,6.433659,13.910184,9.866528,9.731857,6.9784675,3.9159424,4.332815,1.2071004,4.6510687,2.3244948,3.8139818,4.933164,3.4753315,6.937529,3.9531562,401.8824347352017,589.2221232908886,0.0,4171.6867191945175,21.196297022026844,5.446439414887469,640.2032585101985,1478.53351265062,0.048437525,0.21409246,0.0044306005374862185,0.0014534086435591378,0.054973904,0.048987444,0.0,0.20463598,1037.327554491999,1158.049418684621,0.56465024,0.3330298,0.0
mus_padtexture_tense010_.wav,mus,pad,texture,tense,010,-510.6551,33.76677,90.36733,43.21348,74.06602,32.163677,53.55535,20.699575,34.824707,14.098891,21.217245,11.452451,12.80286,9.155924,7.771856,6.828845,4.3361516,5.129432,1.708686,4.1217527,-0.11976942,3.567051,-1.0812447,3.3822753,-1.4125673,3.4487493,387.6187998782347,629.9966687546433,0.0,4139.013463672802,21.121409743329796,6.586121888292878,597.1368522601985,1656.789453044511,0.04798528,0.2128322,0.0058792938602535835,0.0019525522910911219,0.061379675,0.05434035,0.0,0.23256011,999.0737146730764,1184.434577030667,0.37712547,0.3349314,0.0
mus_padtexture_tense011_.wav,mus,pad,texture,tense,011,-538.5198,35.777435,96.75434,45.799194,79.437996,34.06226,57.476383,21.807873,37.19561,14.952299,22.30923,12.612877,13.155865,10.408599,7.9837947,7.780998,4.843616,5.6681056,2.6643934,4.319023,1.1658247,3.4283376,0.25921953,3.0127494,-0.28462973,3.1635299,407.1908095965353,674.9444089198339,0.0,4090.3456654859897,21.286432820079465,6.914330388980786,643.9543567392503,1753.1938251935323,0.04796493,0.2127285,0.005322642468302095,0.001825906731069325,0.04999963,0.04406837,0.0,0.19140574,1084.8032187409335,1251.8170599919006,0.40223742,0.3205908,0.0
mus_padtexture_tense012_.wav,mus,pad,texture,tense,012,-554.5924,34.35041,94.6481,44.474663,79.56232,34.252575,59.897522,22.99592,40.920944,15.636655,26.081062,12.578578,16.182692,10.502065,10.135647,8.171603,6.3847685,6.0953016,3.929542,4.6735835,2.4530938,3.748272,1.863348,3.0961027,1.8715997,2.9573753,397.4109298568423,650.6170188465942,0.0,4133.136510847256,19.99510772734008,5.8063786378039755,611.7613871278942,1640.7809043838863,0.048396,0.21388371,0.004519966234840132,0.0016019953871978304,0.040296275,0.035481006,0.0,0.14359826,1151.1563668115168,1251.7210078611424,0.54344904,0.33733308,0.0
mus_padtexture_tense013_.wav,mus,pad,texture,tense,013,-552.83636,34.710365,94.624504,44.79129,78.95388,34.15282,58.716167,22.625284,39.470016,15.398663,24.726067,12.54753,15.151729,10.438858,9.480226,8.011214,6.0642796,5.907737,3.8913212,4.4734,2.6352484,3.5026839,2.1625333,2.8909235,2.160382,2.8381321,406.8546997170308,674.6913660609957,0.0,3887.202380522238,20.466956399804474,6.291653217371167,655.9673675234288,1743.8105083457388,0.047909226,0.2126885,0.004793985150220507,0.0016891996673503325,0.042283874,0.037170827,0.0,0.15464526,1137.972468401307,1261.2732562325452,0.4772213,0.31828374,0.0
mus_padtexture_tense014_.wav,mus,pad,texture,tense,014,-529.2373,35.779194,96.748665,45.801983,79.43472,34.065716,57.47554,21.811522,37.19584,14.954895,22.308723,12.614887,13.153813,10.410944,7.9809976,7.783109,4.8415294,5.669147,2.6635346,4.3189874,1.1652323,3.4282582,0.2576084,3.0129051,-0.2873309,3.1632671,395.7969196029654,658.490992603183,0.0,4085.4496715515575,21.360937189190505,6.938180034384122,624.557855137128,1709.1375315746054,0.04795692,0.21273017,0.005322642468302095,0.001825906731069325,0.054955292,0.048436217,0.0,0.21037692,1048.991785344331,1234.2846512626838,0.40222988,0.32058972,0.0
sfx_birdtexture_cozy000_.wav,sfx,bird,texture,cozy,000,-873.00885,24.511879,1.8894336,10.898568,-5.72431,24.00259,-2.3510559,14.508487,3.4769611,20.254,1.5597095,12.168308,-1.9903817,16.092005,-0.19986343,10.600982,2.0550632,12.331703,0.36812878,8.699149,-1.2079879,8.042502,0.026576193,6.9292183,0.9149152,5.990213,201.76701831609032,784.5766122477233,0.0,6374.9311326711,27.71054474566385,4.258393479758592,276.8149928042763,1334.5236019170482,0.93427485,0.24767567,0.006256103515625,0.025314964469734462,0.00048757574,0.002701851,0.0,0.022639118,126.308590843066,655.411745447934,0.027539494,0.14101568,0.0
sfx_birdtexture_cozy001_.wav,sfx,bird,texture,cozy,001,-849.562,28.468832,2.669549,14.940152,-6.152307,26.73128,-3.299894,19.126415,2.930873,21.614141,1.7019644,15.879709,-1.6843619,14.879372,-0.4965218,12.690157,1.4069949,10.7176285,0.51267403,8.986397,-0.35449314,6.353822,0.19780387,6.194883,0.34706566,4.513116,181.4024904644426,695.47333849719,0.0,4714.027538345628,27.715325256888626,4.119011209281424,243.7360261615954,1109.2281646989281,0.93424064,0.2478036,0.006019993832236842,0.024697755283123683,0.0006670768,0.003715645,0.0,0.031203555,115.6707622327011,615.7328317121174,0.03219118,0.15407658,0.0
sfx_birdtexture_mystic002_.wav,sfx,bird,texture,mystic,002,-845.5768,33.760757,3.2673676,19.826252,-6.5185857,29.71002,-3.1957843,23.328596,2.3927467,22.16007,0.7440883,18.695044,-1.1173239,13.339203,0.2161812,12.357889,0.45117494,8.084043,-0.13499762,6.994249,0.35541937,4.9387746,0.43706027,3.944934,0.014169154,3.915027,188.25020599377945,750.5635966558765,0.0,6140.317773695304,19.762365917396213,3.3036622300376917,256.69844777960526,1214.735278064595,0.93424237,0.24779713,0.0061051218133223685,0.025925504319682022,0.0007254892,0.0040916777,0.0,0.034627378,113.22376385694787,602.4806169846172,0.03474259,0.15781343,0.0
sfx_birdtexture_mystic003_.wav,sfx,bird,texture,mystic,003,-819.56494,25.182453,1.722965,10.939487,-6.0069213,25.095102,-2.0426276,14.991128,3.5861084,20.747957,1.0175315,12.675076,-2.0798616,16.076918,0.26199576,11.485751,1.9026583,11.63852,-0.116201475,9.367342,-1.010484,7.3567705,0.31739637,7.4206605,0.57511795,5.328248,198.48554880186143,776.2079216572298,0.0,6602.848974039133,27.83178716147866,4.344788189161215,258.6109362150493,1242.2207722358726,0.9342342,0.24782781,0.006513093647203948,0.026557785270835712,0.00087939244,0.004894979,0.0,0.04116068,107.25408718710648,596.1108389532466,0.028879112,0.14617956,0.0
sfx_birdtexture_tense004_.wav,sfx,bird,texture,tense,004,-849.2488,26.525599,1.4641104,11.34199,-6.3048058,26.382193,-1.2170992,16.066078,3.681296,21.058832,0.08032694,14.398439,-1.7711009,15.202355,1.0883824,12.986199,1.3365816,10.702182,-0.5513464,9.290361,-0.27818465,7.5087695,0.44190636,6.2816486,0.011235877,5.70964,209.6004455063225,802.6218027353823,0.0,5408.914614368853,27.39430377067697,4.346166057187551,272.84835012335526,1209.3813972943497,0.9342437,0.24779215,0.007036711040296052,0.028947312151290077,0.00067265524,0.0037852477,0.0,0.032115713,112.09881166286536,599.8768864742029,0.029943608,0.14917906,0.0
sfx_birdtexture_tense005_.wav,sfx,bird,texture,tense,005,-878.19934,28.49068,3.1265423,16.08471,-5.8026214,25.795238,-4.014836,20.4067,2.3710449,20.696905,2.3332362,16.841099,-1.2549872,14.394291,-1.0724183,12.183922,1.1228907,11.106493,0.9617901,8.130993,-0.19009593,7.3077564,0.008054282,5.0199757,0.4671818,5.1301937,191.1749159859628,795.2818788203653,0.0,8343.83159767717,24.41741219128892,3.6112061850428354,272.42335269325656,1429.375358289099,0.9342766,0.2476693,0.005603991056743421,0.02296510151185932,0.00046849874,0.0025984885,0.0,0.021756012,132.90188996181078,703.809737403924,0.032163445,0.15307593,0.0
sfx_owltexture_cozy000_.wav,sfx,owl,texture,cozy,000,-779.63776,22.147049,22.906748,27.636513,14.6323395,17.615435,3.3320932,4.066954,-8.049598,9.734129,-16.690437,20.002527,-20.650648,24.653896,-19.325108,23.00043,-13.489105,16.014225,-4.9703035,5.9250093,3.9222183,4.5838284,11.0332775,12.839799,14.886992,17.252687,437.597292656974,591.1311033490143,0.0,2638.144595899541,24.68807028451598,8.541985413124166,365.96567696387615,597.3565824969652,0.5550667,0.49693835,0.012487009030963303,0.014120762670962858,0.0049451184,0.007848567,0.0,0.02619955,792.1224515795327,1194.620220868921,0.05951044,0.20141147,0.0
sfx_owltexture_cozy001_.wav,sfx,owl,texture,cozy,001,-713.0428,29.324734,24.556458,29.470348,15.789015,18.26839,5.4069214,6.453721,-5.5852304,6.37897,-14.781606,16.865877,-20.347527,23.239271,-21.322315,24.363403,-17.879976,20.40169,-11.074735,12.633222,-2.6679673,3.0640013,5.436963,6.2387705,11.595965,13.237633,325.37018293615307,454.01041250284,0.0,3598.581133004777,19.781123891061323,6.078088228388367,346.3092209002294,798.105538418127,0.5551438,0.49685353,0.011613478354357798,0.013141503637299434,0.0087042935,0.011944153,0.0,0.043969877,481.5322480669962,713.9581869697626,0.061022174,0.20286743,[120.18531977]
sfx_owltexture_mystic002_.wav,sfx,owl,texture,mystic,002,-733.8231,33.544636,28.306627,33.993256,18.798761,21.3235,7.512682,8.613887,-4.501205,5.1083975,-14.763353,16.714403,-21.348825,24.216702,-23.225653,26.384478,-20.466873,23.253626,-14.053951,15.983728,-5.6838098,6.468453,2.77603,3.1993701,9.649486,11.003069,295.95467003517916,367.28545685851395,0.0,2382.477308910503,18.14601107719815,5.530736348575789,287.5374050315367,425.93587516480875,0.55507296,0.49693143,0.011243907683486239,0.01272000556401123,0.010037829,0.012386654,0.0,0.037343033,418.82851770587644,589.7599304802487,0.061585236,0.20305164,[120.18531977]
sfx_owltexture_mystic003_.wav,sfx,owl,texture,mystic,003,-702.81866,35.745403,26.200916,30.755095,20.59383,23.792416,14.448112,16.679317,6.918364,8.340481,-0.7975041,1.6247851,-7.9609075,9.013678,-13.738449,15.57966,-17.599655,19.974821,-19.231758,21.842182,-18.666683,21.203707,-16.187696,18.390444,-12.295149,13.959563,253.92826505198454,440.29887860929506,0.0,4010.0504511341187,19.45729858759721,6.97361871918297,297.2174688216743,947.1898460977366,0.55519307,0.49679998,0.008309740538990825,0.009405538220106776,0.011180012,0.014780155,0.0,0.050322417,448.8294224651512,725.3124456435896,0.07293827,0.21913657,[120.18531977]
sfx_owltexture_tense004_.wav,sfx,owl,texture,tense,004,-717.30707,17.634365,17.752827,21.980278,11.220344,13.895313,2.2346907,2.8668215,-6.9101553,8.448123,-13.948053,16.995216,-17.240929,20.92771,-16.182503,19.569815,-11.301563,13.63819,-4.0536447,4.9637785,3.6201072,4.297696,9.828299,11.589628,13.20599,15.52972,464.3646591251938,643.7454706320497,0.0,3407.9806687814325,25.150260115145013,8.910149743098335,408.3406500860092,836.3632985886006,0.5551,0.49690148,0.012612439076834863,0.014264913736568617,0.0056597935,0.010514228,0.0,0.04589309,838.0199078217388,1279.9210096321963,0.06081471,0.20376122,0.0
sfx_owltexture_tense005_.wav,sfx,owl,texture,tense,005,-711.1763,22.489065,23.416504,28.60299,18.793676,22.10457,12.5507345,14.7547865,5.4737473,6.4310193,-1.8149492,2.2167962,-8.452804,9.919371,-13.638838,15.941831,-16.882223,19.644901,-17.9444,20.782125,-16.861912,19.45905,-13.970683,16.07488,-9.7995,11.241846,258.92694781464974,335.42742743198426,0.0,2361.6479726083776,21.51769783953774,7.545404230941827,232.91418793004587,403.9372578993562,0.5550724,0.4969321,0.008614356364678898,0.00974601199744225,0.008310994,0.01297998,0.0,0.045376986,539.715246500311,742.2605744011137,0.0717966,0.21883793,[120.18531977]
sfx_whooshtexture_cozy000_.wav,sfx,whoosh,texture,cozy,000,-599.9979,223.00865,130.06364,65.5926,-26.850649,45.254944,3.3298113,15.029366,-13.549967,18.994638,3.0230572,8.6627445,-9.614649,10.3583975,-0.5245987,6.2929635,-8.068181,6.884679,-0.6824739,6.538797,-6.489759,4.9598227,-0.76693296,4.6847296,-4.2733684,4.175898,2010.4715368501131,1109.8532110026651,0.0,4268.925661053807,13.118781972792869,5.082270912379554,3479.5374586092717,2347.099871375047,0.1453608,0.34824663,0.04338427411009934,0.035692010978050935,0.0038173664,0.0034336592,0.0,0.0102919135,2726.3243549336757,1326.5771778139729,0.4373971,0.301706,[151.99908088]
sfx_whooshtexture_cozy001_.wav,sfx,whoosh,texture,cozy,001,-591.3939,242.46939,114.01664,66.31581,-39.30573,45.55464,-0.3032338,11.840401,-15.356019,17.290703,1.6660862,9.503041,-11.41714,9.74579,-0.79982674,7.058074,-7.838413,5.7299175,0.060387265,5.8918266,-6.3118906,4.9485664,-0.22035095,4.5917215,-4.5024643,3.9467769,2279.157052678256,1336.7913960479982,0.0,5279.496445073607,12.94603050052036,5.345887498079358,3965.0146484375,2648.0703405456716,0.17779921,0.37483504,0.05545673673115079,0.046320420615677343,0.00416508,0.0038870012,0.0,0.0108712055,2723.2117732033234,1415.4744510003834,0.4191273,0.3025689,[166.70866935]
sfx_whooshtexture_mystic002_.wav,sfx,whoosh,texture,mystic,002,-591.0778,236.05638,118.788666,67.32516,-35.294277,47.068226,2.8750482,13.725295,-13.486576,17.511513,1.8744744,8.89154,-11.197782,10.038243,0.018366806,6.7603006,-7.663427,6.1600404,-0.460491,6.3382893,-6.329526,4.9616575,-0.1937729,5.1440983,-4.7664886,4.0557866,2234.921127906512,1313.2932240392438,0.0,4818.80960112422,13.119644437054951,5.2207374453893065,3847.8594663331833,2559.4784000952745,0.15946546,0.35960075,0.05426947504496403,0.04716075496969484,0.0040992387,0.0037227834,0.0,0.010577415,2743.643787110185,1366.478398526357,0.43190753,0.30190265,[161.49902344]
sfx_whooshtexture_mystic003_.wav,sfx,whoosh,texture,mystic,003,-591.4298,232.52046,124.059395,65.12404,-34.33236,43.395397,-1.516729,11.559914,-18.080301,17.45176,0.8089408,9.680244,-11.393992,9.170239,-1.2959037,7.566828,-9.024861,6.5622497,-0.8409638,6.550449,-6.2041817,4.390691,0.25557193,4.974244,-4.1242375,4.0011735,2109.2222140584,1169.7910724444155,0.0,4349.10700248872,12.910375893482831,5.191720113859813,3662.1768565660113,2401.6250541468257,0.1647578,0.3659776,0.04872754272003745,0.03716030098807346,0.0040435703,0.0036862164,0.0,0.010715224,2694.953648971121,1363.6161391855494,0.43323836,0.30542758,[147.65625]
sfx_whooshtexture_tense004_.wav,sfx,whoosh,texture,tense,004,-582.8359,261.56555,98.11468,68.007614,-43.811928,45.155,0.13795845,12.158363,-14.29065,15.533859,0.61791885,9.735847,-11.902502,9.357568,0.25062448,7.448636,-7.4666386,5.7082224,0.13535717,5.3979816,-5.410761,4.9149275,0.77705544,4.4411554,-3.7035012,4.472076,2352.6811113668723,1536.1700322244976,0.0,5198.41364959411,13.113230148994537,5.3097866282011825,4048.13232421875,2812.8707190806385,0.22575529,0.41052052,0.062490035076530615,0.05427921483884434,0.0052472763,0.005225712,0.0,0.014741668,2587.5827831096885,1500.017509409139,0.42528683,0.31544358,[206.71875]
sfx_whooshtexture_tense005_.wav,sfx,whoosh,texture,tense,005,-561.8434,245.22984,103.88434,66.2694,-44.675922,45.741734,-0.56282073,11.98488,-15.215906,15.804237,1.0448903,10.623803,-11.548443,8.517619,0.29907644,8.0174675,-7.7074447,5.7919436,0.23674014,6.138106,-5.5940704,4.5668287,1.0288403,4.480707,-3.881494,4.3304505,2439.357382333026,1473.4488676113099,0.0,5122.60347209898,13.332412805455293,5.314206590015122,4197.430033623417,2779.4339157544596,0.18890871,0.3822798,0.06382474617616034,0.05145438080990653,0.005400335,0.0050720247,0.0,0.014207461,2708.6288554413954,1430.713242589876,0.42739576,0.30423427,[156.60511364]
